1;10,16;10,3;10,16;10,3;2017-04-13;1!
2;10,1;10,16;10,1;10,16;2017-04-18;1!
3;10;10,1;10;10,1;2017-04-19;1!
4;10,01;10,2;10;10,2;2017-04-20;1!
5;10;10,18;9,95;10;2017-04-21;1!
6;10,1;10,1;10;10;2017-04-24;1!
7;10,1;10,15;10,03;10,11;2017-04-25;1!
8;10,04;10,1;9,93;10,1;2017-04-26;1!
9;10;10;9,95;10;2017-04-27;1!
10;9,9;10;9,9;9,94;2017-04-28;1!
11;9,91;10,05;9,9;9,98;2017-05-02;1!
12;9,99;10,09;9,92;9,99;2017-05-03;1!
13;10,54;10,55;10,24;10,24;2017-05-04;1!
14;10,58;10,58;10,3;10,53;2017-05-05;1!
15;10,7;10,7;10,34;10,7;2017-05-08;1!
16;10,44;10,68;10,37;10,68;2017-05-09;1!
17;10,65;10,74;10,52;10,7;2017-05-10;1!
18;10,85;10,85;10,73;10,75;2017-05-11;1!
19;10,95;10,95;10,85;10,89;2017-05-12;1!
20;11,15;11,15;10,99;11;2017-05-15;1!
21;11,45;11,5;11,15;11,15;2017-05-16;1!
22;11,42;11,5;11,16;11,5;2017-05-17;1!
23;11,2;11,43;11,19;11,43;2017-05-18;1!
24;11,36;11,36;11,21;11,36;2017-05-19;1!
25;11,25;11,36;11,16;11,36;2017-05-22;1!
26;11,29;11,29;11,15;11,2;2017-05-23;1!
27;11,52;11,8;11,17;11,29;2017-05-24;1!
28;11,75;11,8;11,7;11,7;2017-05-25;1!
29;11,7;11,8;11,5;11,8;2017-05-26;1!
30;11,39;11,56;11,15;11,56;2017-05-29;1!
31;11,44;11,5;11,44;11,5;2017-05-30;1!
32;11,5;11,7;11,31;11,42;2017-05-31;1!
33;11,65;11,86;11,62;11,62;2017-06-01;1!
34;11,7;11,8;11,67;11,79;2017-06-02;1!
35;11,82;11,82;11,7;11,7;2017-06-05;1!
36;11,75;11,75;11,67;11,75;2017-06-06;1!
37;11,69;11,75;11,5;11,75;2017-06-07;1!
38;11,38;11,5;11,37;11,5;2017-06-08;1!
39;11,5;11,5;11,41;11,5;2017-06-09;1!
40;11,3;11,64;11,25;11,51;2017-06-12;1!
41;11,4;11,4;11,28;11,28;2017-06-13;1!
42;11,58;11,59;11,4;11,4;2017-06-14;1!
43;11,2;11,49;11,2;11,49;2017-06-15;1!
44;11,4;11,64;11,4;11,64;2017-06-16;1!
45;11,29;11,59;11,29;11,5;2017-06-19;1!
46;11,59;11,59;11,29;11,29;2017-06-20;1!
47;11,48;11,49;11,29;11,49;2017-06-21;1!
48;11,3;11,3;11,3;11,3;2017-06-22;1!
49;11,33;11,33;11,33;11,33;2017-06-23;1!
50;11,3;11,47;11,26;11,26;2017-06-26;1!
51;11,33;11,47;11,31;11,43;2017-06-27;1!
52;11,33;11,44;11,31;11,44;2017-06-28;1!
53;11,4;11,42;11,3;11,33;2017-06-29;1!
54;11,3;11,39;11,3;11,35;2017-06-30;1!
55;11,27;11,27;11,27;11,27;2017-07-03;1!
56;11,25;11,27;11,25;11,27;2017-07-04;1!
57;11,25;11,44;11,25;11,25;2017-07-05;1!
58;11,92;11,92;11,25;11,28;2017-07-06;1!
59;11,45;11,76;11,4;11,76;2017-07-07;1!
60;11,46;11,47;11,46;11,47;2017-07-10;1!
61;11,6;11,6;11,5;11,5;2017-07-11;1!
62;11,73;11,76;11,5;11,76;2017-07-12;1!
63;11,32;11,56;11,32;11,5;2017-07-13;1!
64;11,34;11,35;11,22;11,25;2017-07-14;1!
65;11,21;11,29;11,2;11,25;2017-07-17;1!
66;11,1;11,25;11;11,2;2017-07-18;1!
67;11,01;11,09;11;11,01;2017-07-19;1!
68;11,16;11,16;11,04;11,09;2017-07-20;1!
69;11,11;11,17;11,1;11,12;2017-07-21;1!
70;11,03;11,08;11,02;11,07;2017-07-24;1!
71;11,29;11,29;11,02;11,02;2017-07-25;1!
72;11,1;11,29;11,1;11,29;2017-07-26;1!
73;11,28;11,28;11,1;11,1;2017-07-27;1!
74;11,1;11,28;11,1;11,11;2017-07-28;1!
75;11,51;11,73;11,42;11,42;2017-07-31;1!
76;11,32;11,72;11,18;11,18;2017-08-01;1!
77;11,61;11,63;11,31;11,58;2017-08-02;1!
78;11,5;11,61;11,45;11,61;2017-08-03;1!
79;11,52;11,52;11,5;11,51;2017-08-04;1!
80;11,55;11,65;11,53;11,55;2017-08-07;1!
81;11,72;11,72;11,5;11,55;2017-08-08;1!
82;11,71;11,71;11,48;11,51;2017-08-09;1!
83;11,37;11,7;11,37;11,5;2017-08-10;1!
84;11,22;11,37;11,22;11,37;2017-08-11;1!
85;11,64;11,7;11,64;11,7;2017-08-14;1!
86;11,4;11,4;11,33;11,33;2017-08-15;1!
87;11,41;11,42;11,4;11,4;2017-08-16;1!
88;11,41;11,41;11,41;11,41;2017-08-17;1!
89;11,24;11,39;11,23;11,39;2017-08-18;1!
90;11,09;11,49;11,09;11,49;2017-08-21;1!
91;11,39;11,39;11,1;11,1;2017-08-22;1!
92;11,38;11,39;11,2;11,2;2017-08-23;1!
93;11,16;11,4;11,12;11,12;2017-08-24;1!
94;11,2;11,2;11,1;11,14;2017-08-25;1!
95;11,46;11,49;11,14;11,49;2017-08-28;1!
96;11,11;11,14;11,1;11,14;2017-08-29;1!
97;11,32;11,32;11,09;11,1;2017-08-30;1!
98;11,34;11,34;11,15;11,34;2017-08-31;1!
99;11,4;11,4;11,3;11,3;2017-09-01;1!
100;11,11;11,49;11,11;11,41;2017-09-04;1!
101;11,11;11,39;11,1;11,13;2017-09-05;1!
102;11,21;11,4;11,1;11,1;2017-09-06;1!
103;11,35;11,39;11,2;11,2;2017-09-07;1!
104;11,17;11,18;11,17;11,17;2017-09-08;1!
105;11,18;11,3;11,18;11,3;2017-09-11;1!
106;11,1;11,34;11,1;11,28;2017-09-12;1!
107;11,1;11,13;11,1;11,13;2017-09-13;1!
108;11,1;11,26;11,1;11,1;2017-09-14;1!
109;11,1;11,1;11,1;11,1;2017-09-15;1!
110;11,11;11,2;11,06;11,1;2017-09-18;1!
111;11,3;11,3;11,1;11,2;2017-09-19;1!
112;11,5;11,5;11,11;11,29;2017-09-20;1!
113;11,49;11,49;11,49;11,49;2017-09-21;1!
114;11,14;11,5;11,1;11,17;2017-09-22;1!
115;11,39;11,39;11,12;11,2;2017-09-25;1!
116;11,6;11,6;11,15;11,15;2017-09-26;1!
117;11,64;11,64;11,53;11,53;2017-09-27;1!
118;11,6;11,6;11,35;11,6;2017-09-28;1!
119;11,52;11,64;11,5;11,5;2017-09-29;1!
120;11,5;11,5;11,5;11,5;2017-10-02;1!
121;11,12;11,24;11,12;11,24;2017-10-03;1!
122;10,8;11,12;10,7;11,12;2017-10-04;1!
123;10,61;11;10,6;11;2017-10-05;1!
124;10,77;10,8;10,6;10,75;2017-10-06;1!
125;11;11;10,76;10,76;2017-10-09;1!
126;11,2;11,2;11;11;2017-10-10;1!
127;11,07;11,29;11,07;11,18;2017-10-11;1!
128;11,25;11,26;10,98;11,12;2017-10-12;1!
129;10,81;10,84;10,81;10,84;2017-10-13;1!
130;10,63;11,08;10,63;10,8;2017-10-16;1!
131;10,67;10,89;10,65;10,65;2017-10-17;1!
132;10,88;10,88;10,88;10,88;2017-10-18;1!
133;10,75;10,75;10,68;10,75;2017-10-19;1!
134;10,99;10,99;10,8;10,81;2017-10-20;1!
135;10,83;10,83;10,83;10,83;2017-10-23;1!
136;10,58;10,84;10,37;10,83;2017-10-24;1!
137;10,64;10,84;10,46;10,46;2017-10-25;1!
138;10,6;10,64;10,6;10,64;2017-10-26;1!
139;10,3;10,53;10,26;10,41;2017-10-27;1!
140;10,4;10,4;10,25;10,26;2017-10-30;1!
141;10;10,26;9,95;10,26;2017-10-31;1!
142;10;10;9,7;10;2017-11-01;1!
143;9,99;10;9,91;9,91;2017-11-02;1!
144;10,01;10,11;10;10;2017-11-03;1!
145;10,03;10,05;10;10,05;2017-11-06;1!
146;10;10,05;10;10,05;2017-11-07;1!
147;10,05;10,05;10;10,05;2017-11-08;1!
148;10;10,05;10;10;2017-11-09;1!
149;10;10,05;10;10,05;2017-11-10;1!
150;9,96;10;9,96;10;2017-11-13;1!
151;9,93;10;9,93;9,95;2017-11-14;1!
152;9,8;9,93;9,78;9,93;2017-11-15;1!
153;9,79;9,8;9,77;9,79;2017-11-16;1!
154;10,17;10,17;9,98;9,98;2017-11-17;1!
155;9,99;10,08;9,98;9,98;2017-11-20;1!
156;10,45;10,45;9,98;9,98;2017-11-21;1!
157;9,86;10,47;9,8;9,8;2017-11-22;1!
158;9,99;9,99;9,99;9,99;2017-11-23;1!
159;10,31;10,31;9,94;9,94;2017-11-24;1!
160;9,93;10,34;9,93;10,34;2017-11-27;1!
161;9,99;10,14;9,92;9,99;2017-11-28;1!
162;9,9;9,91;9,9;9,91;2017-11-29;1!
163;9,75;9,9;9,75;9,9;2017-11-30;1!
164;9,73;9,8;9,7;9,72;2017-12-01;1!
165;9,62;9,71;9,62;9,65;2017-12-04;1!
166;9,61;9,63;9,61;9,61;2017-12-05;1!
167;9,62;9,7;9,62;9,62;2017-12-06;1!
168;9,65;9,65;9,61;9,62;2017-12-07;1!
169;9,65;9,65;9,61;9,61;2017-12-08;1!
170;9,64;9,65;9,64;9,64;2017-12-11;1!
171;9,64;9,65;9,64;9,64;2017-12-12;1!
172;9,78;9,79;9,65;9,65;2017-12-13;1!
173;9,65;9,66;9,62;9,65;2017-12-14;1!
174;9,74;9,74;9,67;9,67;2017-12-15;1!
175;9,87;9,87;9,8;9,8;2017-12-18;1!
176;9,9;9,98;9,9;9,9;2017-12-19;1!
177;9,7;9,99;9,68;9,99;2017-12-20;1!
178;9,71;9,8;9,68;9,8;2017-12-21;1!
179;9,85;9,95;9,75;9,75;2017-12-22;1!
180;9,82;9,87;9,77;9,87;2017-12-27;1!
181;9,8;9,85;9,76;9,76;2017-12-28;1!
182;9,85;9,98;9,85;9,85;2017-12-29;1!
183;9,84;10;9,84;10;2018-01-02;1!
184;10;10;9,96;9,96;2018-01-03;1!
185;9,94;10,25;9,94;10;2018-01-04;1!
186;9,98;10,3;9,92;10,25;2018-01-05;1!
187;10,3;10,35;10,1;10,35;2018-01-08;1!
188;9,98;10,5;9,98;10,5;2018-01-09;1!
189;10,15;10,45;10;10,4;2018-01-10;1!
190;10,25;10,4;10,2;10,35;2018-01-11;1!
191;10,25;10,3;10,25;10,25;2018-01-12;1!
192;10,3;10,35;10,05;10,2;2018-01-15;1!
193;10,1;10,3;10,1;10,3;2018-01-16;1!
194;10,05;10,1;10,05;10,1;2018-01-17;1!
195;10,05;10,1;10,05;10,1;2018-01-18;1!
196;10,05;10,05;10,05;10,05;2018-01-19;1!
197;10,1;10,25;10,1;10,15;2018-01-22;1!
198;10,05;10,1;10,05;10,1;2018-01-23;1!
199;10,05;10,2;10,05;10,2;2018-01-24;1!
200;10,05;10,1;10,05;10,1;2018-01-25;1!
201;2,99;2,99;2,99;2,99;2017-04-13;2!
202;2,99;2,99;2,99;2,99;2017-04-18;2!
203;2,99;2,99;2,99;2,99;2017-04-19;2!
204;2,99;2,99;2,99;2,99;2017-04-20;2!
205;2,99;2,99;2,99;2,99;2017-04-21;2!
206;2,99;2,99;2,99;2,99;2017-04-24;2!
207;2,99;2,99;2,99;2,99;2017-04-25;2!
208;2,99;2,99;2,99;2,99;2017-04-26;2!
209;2,99;2,99;2,99;2,99;2017-04-27;2!
210;2,98;2,98;2,98;2,98;2017-04-28;2!
211;2,98;2,98;2,98;2,98;2017-05-02;2!
212;2,9;2,9;2,9;2,9;2017-05-03;2!
213;2,8;2,8;2,8;2,8;2017-05-04;2!
214;2,81;2,81;2,81;2,81;2017-05-05;2!
215;2,89;2,89;2,89;2,89;2017-05-08;2!
216;2,89;2,89;2,89;2,89;2017-05-09;2!
217;2,9;2,9;2,9;2,9;2017-05-10;2!
218;2,95;2,95;2,95;2,95;2017-05-11;2!
219;3;3;3;3;2017-05-12;2!
220;3;3;3;3;2017-05-15;2!
221;3;3;3;3;2017-05-16;2!
222;3;3;3;3;2017-05-17;2!
223;2,99;2,99;2,99;2,99;2017-05-18;2!
224;2,99;2,99;2,99;2,99;2017-05-19;2!
225;2,99;2,99;2,99;2,99;2017-05-22;2!
226;3;3;3;3;2017-05-23;2!
227;2,9;2,9;2,9;2,9;2017-05-24;2!
228;2,99;2,99;2,99;2,99;2017-05-25;2!
229;2,98;2,98;2,98;2,98;2017-05-26;2!
230;2,97;2,97;2,97;2,97;2017-05-29;2!
231;2,96;2,96;2,96;2,96;2017-05-30;2!
232;2,96;2,96;2,96;2,96;2017-05-31;2!
233;2,99;2,99;2,99;2,99;2017-06-01;2!
234;2,89;2,89;2,89;2,89;2017-06-02;2!
235;2,89;2,89;2,89;2,89;2017-06-05;2!
236;2,81;2,81;2,81;2,81;2017-06-06;2!
237;2,95;2,95;2,95;2,95;2017-06-07;2!
238;2,9;2,9;2,9;2,9;2017-06-08;2!
239;2,9;2,9;2,9;2,9;2017-06-09;2!
240;2,9;2,9;2,9;2,9;2017-06-12;2!
241;2,82;2,82;2,82;2,82;2017-06-13;2!
242;2,65;2,65;2,65;2,65;2017-06-14;2!
243;2,64;2,64;2,64;2,64;2017-06-15;2!
244;3,1;3,1;3,1;3,1;2017-06-16;2!
245;3,1;3,1;3,1;3,1;2017-06-19;2!
246;3,48;3,48;3,4;3,4;2017-06-20;2!
247;3,74;3,74;3,63;3,63;2017-06-21;2!
248;3,62;3,82;3,5;3,82;2017-06-22;2!
249;3,54;3,67;3,44;3,67;2017-06-23;2!
250;3,51;3,65;3,5;3,55;2017-06-26;2!
251;3,45;3,6;3,45;3,5;2017-06-27;2!
252;3,5;3,6;3,4;3,45;2017-06-28;2!
253;3,54;3,55;3,5;3,5;2017-06-29;2!
254;4,4;4,64;3,54;3,54;2017-06-30;2!
255;6,4;6,6;5;5;2017-07-03;2!
256;5,37;6,39;5,19;6,39;2017-07-04;2!
257;5,56;6,24;5,03;5,47;2017-07-05;2!
258;5,29;5,6;5,1;5,6;2017-07-06;2!
259;5;5,29;4,77;5,29;2017-07-07;2!
260;4,8;5;4,62;5;2017-07-10;2!
261;4,35;4,8;4,33;4,8;2017-07-11;2!
262;4,8;4,99;4,3;4,4;2017-07-12;2!
263;4,5;4,85;4,5;4,85;2017-07-13;2!
264;4,75;4,79;4,5;4,5;2017-07-14;2!
265;4,91;4,97;4,65;4,75;2017-07-17;2!
266;4,9;4,97;4,85;4,95;2017-07-18;2!
267;4,87;4,95;4,85;4,95;2017-07-19;2!
268;4,67;4,87;4,6;4,87;2017-07-20;2!
269;4,8;4,8;4,67;4,67;2017-07-21;2!
270;4,65;4,8;4,65;4,8;2017-07-24;2!
271;4,62;4,7;4,55;4,7;2017-07-25;2!
272;4,4;4,62;4,4;4,62;2017-07-26;2!
273;4,5;4,5;4,4;4,4;2017-07-27;2!
274;4,5;4,55;4,45;4,5;2017-07-28;2!
275;4,6;4,6;4,5;4,5;2017-07-31;2!
276;4,55;4,62;4,55;4,6;2017-08-01;2!
277;4,49;4,55;4,41;4,55;2017-08-02;2!
278;4,47;4,49;4,47;4,49;2017-08-03;2!
279;4,45;4,47;4,45;4,47;2017-08-04;2!
280;4,43;4,44;4,35;4,44;2017-08-07;2!
281;4,35;4,43;4,35;4,43;2017-08-08;2!
282;4,2;4,35;4,05;4,35;2017-08-09;2!
283;4,15;4,2;4,15;4,2;2017-08-10;2!
284;4,4;4,4;4,1;4,1;2017-08-11;2!
285;4,44;4,44;4,35;4,4;2017-08-14;2!
286;4,4;4,55;4,2;4,44;2017-08-15;2!
287;4,7;4,99;4,4;4,4;2017-08-16;2!
288;4,8;4,8;4,65;4,7;2017-08-17;2!
289;4,61;4,75;4,6;4,75;2017-08-18;2!
290;4,8;4,82;4,62;4,62;2017-08-21;2!
291;4,6;4,8;4,6;4,8;2017-08-22;2!
292;4,6;4,65;4,6;4,61;2017-08-23;2!
293;4,8;4,8;4,61;4,61;2017-08-24;2!
294;4,84;4,84;4,75;4,78;2017-08-25;2!
295;4,92;5,03;4,84;4,84;2017-08-28;2!
296;4,9;4,95;4,9;4,95;2017-08-29;2!
297;4,85;4,9;4,85;4,9;2017-08-30;2!
298;4,9;4,95;4,8;4,85;2017-08-31;2!
299;4,95;4,95;4,87;4,9;2017-09-01;2!
300;4,85;4,95;4,85;4,95;2017-09-04;2!
301;4,65;4,9;4,6;4,9;2017-09-05;2!
302;4,65;4,65;4,65;4,65;2017-09-06;2!
303;4,67;4,67;4,6;4,67;2017-09-07;2!
304;4,85;4,85;4,55;4,7;2017-09-08;2!
305;4,95;4,95;4,85;4,85;2017-09-11;2!
306;4,85;4,95;4,85;4,95;2017-09-12;2!
307;4,95;4,95;4,85;4,85;2017-09-13;2!
308;5;5;4,9;4,94;2017-09-14;2!
309;4,99;4,99;4,95;4,95;2017-09-15;2!
310;5,19;5,25;5;5;2017-09-18;2!
311;5,39;5,49;4,75;5,15;2017-09-19;2!
312;5,4;5,55;5,4;5,45;2017-09-20;2!
313;5,45;5,62;5,45;5,45;2017-09-21;2!
314;5,4;5,46;5,3;5,46;2017-09-22;2!
315;5,2;5,4;5,1;5,4;2017-09-25;2!
316;6;6,2;5,15;5,2;2017-09-26;2!
317;6,1;6,47;5,6;5,9;2017-09-27;2!
318;6,19;6,2;5,9;6,2;2017-09-28;2!
319;6;6,19;5,8;6,19;2017-09-29;2!
320;5,82;6,15;5,75;6;2017-10-02;2!
321;5,65;5,82;5,3;5,82;2017-10-03;2!
322;5,35;5,65;5,12;5,65;2017-10-04;2!
323;5,4;5,45;5,2;5,45;2017-10-05;2!
324;5,6;5,7;5,35;5,45;2017-10-06;2!
325;5,6;5,6;5,45;5,59;2017-10-09;2!
326;5,54;5,65;5,17;5,55;2017-10-10;2!
327;5,6;5,6;5,4;5,53;2017-10-11;2!
328;5,5;5,6;5,45;5,6;2017-10-12;2!
329;5,42;5,5;5,18;5,5;2017-10-13;2!
330;5,3;5,42;5,3;5,42;2017-10-16;2!
331;5,25;5,3;5,25;5,3;2017-10-17;2!
332;5,2;5,25;4,98;5,25;2017-10-18;2!
333;5,05;5,25;5,05;5,25;2017-10-19;2!
334;5,15;5,15;5,1;5,1;2017-10-20;2!
335;5,17;5,45;5,07;5,15;2017-10-23;2!
336;5,35;5,35;5,06;5,17;2017-10-24;2!
337;5,25;5,35;5;5,35;2017-10-25;2!
338;5,25;5,26;5,1;5,11;2017-10-26;2!
339;5,15;5,25;5,05;5,1;2017-10-27;2!
340;5;5,17;4,96;5,17;2017-10-30;2!
341;5,01;5,1;4,81;5,08;2017-10-31;2!
342;5,15;5,3;5,01;5,01;2017-11-01;2!
343;5,15;5,3;5,1;5,2;2017-11-02;2!
344;5,2;5,25;5,15;5,15;2017-11-03;2!
345;5,58;5,59;5,23;5,23;2017-11-06;2!
346;5,8;5,85;5,6;5,68;2017-11-07;2!
347;5,4;5,8;5,25;5,7;2017-11-08;2!
348;5,4;5,4;5,22;5,4;2017-11-09;2!
349;5,24;5,4;5,24;5,39;2017-11-10;2!
350;5,1;5,36;5,09;5,24;2017-11-13;2!
351;4,7;5,15;4,7;5,12;2017-11-14;2!
352;4,85;4,9;4,65;4,71;2017-11-15;2!
353;4,9;5;4,85;4,85;2017-11-16;2!
354;5,05;5,05;4,9;4,9;2017-11-17;2!
355;4,9;5,05;4,9;5,05;2017-11-20;2!
356;4,95;5;4,81;4,9;2017-11-21;2!
357;4,75;4,95;4,7;4,95;2017-11-22;2!
358;4,72;4,8;4,72;4,75;2017-11-23;2!
359;4,82;4,82;4,72;4,72;2017-11-24;2!
360;4,85;4,85;4,82;4,82;2017-11-27;2!
361;5,11;5,3;4,81;4,81;2017-11-28;2!
362;5,02;5,2;5,01;5,15;2017-11-29;2!
363;5,18;5,19;5,02;5,02;2017-11-30;2!
364;5,06;5,2;5,05;5,18;2017-12-01;2!
365;5,01;5,19;5;5,06;2017-12-04;2!
366;4,9;5,01;4,7;5,01;2017-12-05;2!
367;4,92;5,25;4,8;5;2017-12-06;2!
368;5,2;5,28;4,82;4,95;2017-12-07;2!
369;5,25;5,25;4,9;5,2;2017-12-08;2!
370;5,39;5,46;5,03;5,3;2017-12-11;2!
371;5,85;5,86;5,39;5,39;2017-12-12;2!
372;5,95;6,05;5,84;5,91;2017-12-13;2!
373;5,98;6,1;5,76;5,95;2017-12-14;2!
374;6,01;6,1;5,9;5,98;2017-12-15;2!
375;6,15;6,15;6;6,1;2017-12-18;2!
376;6;6,19;5,75;6,19;2017-12-19;2!
377;6,05;6,05;5,9;5,9;2017-12-20;2!
378;6,01;6,06;6;6;2017-12-21;2!
379;6,3;6,4;5,95;5,95;2017-12-22;2!
380;7,49;7,58;6,3;6,35;2017-12-27;2!
381;7,54;7,58;6,9;7,47;2017-12-28;2!
382;7,8;7,98;7,5;7,59;2017-12-29;2!
383;7,9;8,14;7,54;7,9;2018-01-02;2!
384;8,18;8,18;7,74;7,96;2018-01-03;2!
385;8,9;8,92;8,18;8,18;2018-01-04;2!
386;9,5;9,78;8,96;9;2018-01-05;2!
387;8,74;9,6;8,7;9,6;2018-01-08;2!
388;8,52;8,94;7,9;8,66;2018-01-09;2!
389;8,32;8,6;7,82;8,56;2018-01-10;2!
390;8,5;8,58;7,9;8,26;2018-01-11;2!
391;9;9,12;8,48;8,58;2018-01-12;2!
392;9,06;9,3;8,9;9;2018-01-15;2!
393;8,96;9,1;8,5;9,1;2018-01-16;2!
394;8,9;8,9;8,5;8,5;2018-01-17;2!
395;8,1;8,68;8,02;8,52;2018-01-18;2!
396;8,22;8,5;7,84;8,2;2018-01-19;2!
397;8;8,26;7,8;8,26;2018-01-22;2!
398;7,62;7,96;7,52;7,96;2018-01-23;2!
399;7,6;7,62;7,22;7,62;2018-01-24;2!
400;7,7;7,7;7,46;7,64;2018-01-25;2!
401;0,84;0,85;0,84;0,84;2017-04-11;3!
402;0,85;0,86;0,83;0,84;2017-04-12;3!
403;0,84;0,85;0,84;0,84;2017-04-13;3!
404;0,82;0,84;0,82;0,84;2017-04-18;3!
405;0,83;0,83;0,81;0,82;2017-04-19;3!
406;0,83;0,83;0,81;0,82;2017-04-20;3!
407;0,82;0,83;0,81;0,81;2017-04-21;3!
408;0,83;0,85;0,82;0,83;2017-04-24;3!
409;1,13;1,14;1,11;1,13;2017-04-27;3!
410;1,13;1,14;1,13;1,13;2017-04-28;3!
411;1,12;1,13;1,12;1,13;2017-05-02;3!
412;1,12;1,13;1,12;1,12;2017-05-03;3!
413;1,13;1,13;1,12;1,12;2017-05-04;3!
414;1,12;1,13;1,12;1,13;2017-05-05;3!
415;1,12;1,13;1,12;1,12;2017-05-08;3!
416;1,12;1,13;1,12;1,12;2017-05-09;3!
417;1,12;1,13;1,12;1,12;2017-05-10;3!
418;1,14;1,15;1,12;1,12;2017-05-11;3!
419;1,14;1,15;1,14;1,15;2017-05-12;3!
420;1,15;1,15;1,14;1,14;2017-05-15;3!
421;1,14;1,15;1,14;1,14;2017-05-16;3!
422;1,15;1,15;1,14;1,15;2017-05-17;3!
423;1,14;1,15;1,14;1,14;2017-05-18;3!
424;1,14;1,15;1,14;1,14;2017-05-19;3!
425;1,14;1,15;1,14;1,14;2017-05-22;3!
426;1,14;1,15;1,14;1,14;2017-05-23;3!
427;1,14;1,15;1,14;1,14;2017-05-24;3!
428;1,14;1,15;1,14;1,14;2017-05-25;3!
429;1,14;1,15;1,14;1,14;2017-05-26;3!
430;1,14;1,14;1,14;1,14;2017-05-29;3!
431;1,14;1,15;1,14;1,14;2017-05-30;3!
432;1,14;1,15;1,14;1,14;2017-05-31;3!
433;1,14;1,15;1,14;1,14;2017-06-01;3!
434;1,14;1,15;1,14;1,14;2017-06-02;3!
435;1,14;1,14;1,14;1,14;2017-06-05;3!
436;1,14;1,15;1,14;1,14;2017-06-06;3!
437;1,14;1,15;1,14;1,14;2017-06-07;3!
438;1,14;1,15;1,14;1,14;2017-06-08;3!
439;1,14;1,15;1,14;1,14;2017-06-09;3!
440;1,14;1,14;1,14;1,14;2017-06-12;3!
441;1,14;1,15;1,14;1,14;2017-06-13;3!
442;1,14;1,15;1,14;1,14;2017-06-14;3!
443;1,14;1,15;1,14;1,14;2017-06-15;3!
444;1,14;1,15;1,14;1,14;2017-06-16;3!
445;1,14;1,14;1,14;1,14;2017-06-19;3!
446;1,15;1,16;1,15;1,15;2017-06-20;3!
447;1,15;1,16;1,15;1,15;2017-06-21;3!
448;1,15;1,16;1,15;1,15;2017-06-22;3!
449;1,15;1,15;1,15;1,15;2017-06-23;3!
450;1,15;1,16;1,15;1,15;2017-06-26;3!
451;1,15;1,15;1,15;1,15;2017-06-27;3!
452;1,15;1,16;1,15;1,15;2017-06-28;3!
453;1,15;1,15;1,15;1,15;2017-06-29;3!
454;1,15;1,16;1,15;1,15;2017-06-30;3!
455;1,15;1,16;1,15;1,15;2017-07-03;3!
456;1,15;1,16;1,15;1,15;2017-07-04;3!
457;1,14;1,16;1,14;1,15;2017-07-05;3!
458;1,15;1,16;1,15;1,15;2017-07-06;3!
459;1,15;1,16;1,15;1,15;2017-07-07;3!
460;1,15;1,16;1,15;1,15;2017-07-10;3!
461;1,15;1,16;1,15;1,15;2017-07-11;3!
462;1,15;1,16;1,15;1,15;2017-07-12;3!
463;1,15;1,16;1,15;1,15;2017-07-13;3!
464;1,15;1,16;1,15;1,15;2017-07-14;3!
465;1,15;1,16;1,15;1,15;2017-07-17;3!
466;1,15;1,16;1,15;1,15;2017-07-18;3!
467;1,15;1,16;1,15;1,15;2017-07-19;3!
468;1,11;1,14;1,09;1,14;2017-07-20;3!
469;1,12;1,14;1,11;1,11;2017-07-21;3!
470;1,14;1,14;1,12;1,12;2017-07-24;3!
471;1,13;1,13;1,13;1,13;2017-07-25;3!
472;1,13;1,13;1,13;1,13;2017-07-26;3!
473;1,14;1,15;1,13;1,14;2017-07-27;3!
474;1,14;1,15;1,14;1,15;2017-07-28;3!
475;1,14;1,14;1,13;1,14;2017-07-31;3!
476;1,13;1,15;1,13;1,15;2017-08-01;3!
477;1,15;1,15;1,13;1,13;2017-08-02;3!
478;1,13;1,15;1,13;1,15;2017-08-03;3!
479;1,13;1,13;1,13;1,13;2017-08-04;3!
480;1,13;1,14;1,13;1,13;2017-08-07;3!
481;1,13;1,14;1,13;1,13;2017-08-08;3!
482;1,13;1,13;1,13;1,13;2017-08-09;3!
483;1,14;1,14;1,13;1,13;2017-08-10;3!
484;1,14;1,14;1,13;1,13;2017-08-11;3!
485;1,13;1,14;1,13;1,14;2017-08-14;3!
486;1,14;1,14;1,13;1,13;2017-08-15;3!
487;1,13;1,13;1,12;1,13;2017-08-16;3!
488;1,13;1,14;1,13;1,14;2017-08-17;3!
489;1,14;1,14;1,13;1,13;2017-08-18;3!
490;1,14;1,14;1,13;1,13;2017-08-21;3!
491;1,14;1,14;1,13;1,13;2017-08-22;3!
492;1,13;1,13;1,13;1,13;2017-08-23;3!
493;1,13;1,14;1,13;1,13;2017-08-24;3!
494;1,13;1,13;1,12;1,13;2017-08-25;3!
495;1,13;1,14;1,13;1,13;2017-08-28;3!
496;1,13;1,13;1,12;1,12;2017-08-29;3!
497;1,13;1,13;1,13;1,13;2017-08-30;3!
498;1,13;1,13;1,12;1,13;2017-08-31;3!
499;1,13;1,13;1,12;1,13;2017-09-01;3!
500;1,13;1,14;1,13;1,13;2017-09-04;3!
501;1,13;1,14;1,12;1,13;2017-09-05;3!
502;1,13;1,13;1,13;1,13;2017-09-06;3!
503;1,13;1,13;1,13;1,13;2017-09-07;3!
504;1,13;1,14;1,13;1,14;2017-09-08;3!
505;1,13;1,14;1,13;1,13;2017-09-11;3!
506;1,13;1,13;1,13;1,13;2017-09-12;3!
507;1,13;1,13;1,13;1,13;2017-09-13;3!
508;1,13;1,13;1,13;1,13;2017-09-14;3!
509;1,13;1,13;1,13;1,13;2017-09-15;3!
510;1,13;1,13;1,12;1,13;2017-09-18;3!
511;1,13;1,14;1,13;1,13;2017-09-19;3!
512;1,14;1,14;1,13;1,13;2017-09-20;3!
513;1,13;1,14;1,13;1,13;2017-09-21;3!
514;1,13;1,14;1,13;1,14;2017-09-22;3!
515;1,13;1,13;1,13;1,13;2017-09-25;3!
516;1,13;1,14;1,13;1,13;2017-09-26;3!
517;1,13;1,14;1,13;1,13;2017-09-27;3!
518;1,13;1,14;1,13;1,13;2017-09-28;3!
519;1,13;1,14;1,13;1,13;2017-09-29;3!
520;1,13;1,13;1,13;1,13;2017-10-02;3!
521;1,13;1,13;1,13;1,13;2017-10-03;3!
522;1,13;1,14;1,13;1,14;2017-10-04;3!
523;1,13;1,14;1,13;1,14;2017-10-05;3!
524;1,13;1,14;1,13;1,13;2017-10-06;3!
525;1,13;1,14;1,13;1,13;2017-10-09;3!
526;1,13;1,14;1,13;1,13;2017-10-10;3!
527;1,13;1,14;1,13;1,13;2017-10-11;3!
528;1,13;1,14;1,13;1,13;2017-10-12;3!
529;1,13;1,14;1,13;1,13;2017-10-13;3!
530;1,13;1,14;1,13;1,14;2017-10-16;3!
531;1,13;1,14;1,13;1,13;2017-10-17;3!
532;1,13;1,14;1,13;1,13;2017-10-18;3!
533;1,14;1,14;1,13;1,13;2017-10-19;3!
534;1,13;1,14;1,13;1,13;2017-10-20;3!
535;1,13;1,14;1,13;1,13;2017-10-23;3!
536;1,13;1,14;1,13;1,13;2017-10-24;3!
537;1,13;1,14;1,13;1,13;2017-10-25;3!
538;1,13;1,14;1,13;1,13;2017-10-26;3!
539;1,13;1,14;1,13;1,13;2017-10-27;3!
540;1,13;1,14;1,13;1,13;2017-10-30;3!
541;1,14;1,14;1,13;1,13;2017-10-31;3!
542;1,13;1,14;1,13;1,13;2017-11-01;3!
543;1,13;1,14;1,13;1,13;2017-11-02;3!
544;1,13;1,14;1,13;1,13;2017-11-03;3!
545;1,13;1,14;1,13;1,13;2017-11-06;3!
546;1,13;1,14;1,13;1,13;2017-11-07;3!
547;1,13;1,14;1,13;1,13;2017-11-08;3!
548;1,14;1,14;1,13;1,13;2017-11-09;3!
549;1,13;1,14;1,13;1,14;2017-11-10;3!
550;1,12;1,14;1,12;1,13;2017-11-13;3!
551;1,13;1,14;1,13;1,13;2017-11-14;3!
552;1,14;1,14;1,13;1,13;2017-11-15;3!
553;1,13;1,14;1,13;1,13;2017-11-16;3!
554;1,13;1,14;1,13;1,13;2017-11-17;3!
555;1,13;1,14;1,13;1,13;2017-11-20;3!
556;1,13;1,14;1,13;1,13;2017-11-21;3!
557;1,13;1,14;1,13;1,13;2017-11-22;3!
558;1,13;1,14;1,13;1,13;2017-11-23;3!
559;1,13;1,14;1,13;1,13;2017-11-24;3!
560;1,13;1,14;1,13;1,13;2017-11-27;3!
561;1,13;1,14;1,13;1,13;2017-11-28;3!
562;1,13;1,14;1,13;1,13;2017-11-29;3!
563;1,13;1,14;1,13;1,13;2017-11-30;3!
564;1,13;1,14;1,13;1,13;2017-12-01;3!
565;1,13;1,14;1,13;1,13;2017-12-04;3!
566;1,13;1,14;1,12;1,13;2017-12-05;3!
567;1,13;1,14;1,13;1,13;2017-12-06;3!
568;1,13;1,14;1,13;1,13;2017-12-07;3!
569;1,13;1,14;1,13;1,13;2017-12-08;3!
570;1,13;1,14;1,13;1,13;2017-12-11;3!
571;1,13;1,14;1,13;1,13;2017-12-12;3!
572;1,13;1,14;1,13;1,13;2017-12-13;3!
573;1,13;1,14;1,13;1,13;2017-12-14;3!
574;1,14;1,14;1,13;1,13;2017-12-15;3!
575;1,14;1,14;1,13;1,13;2017-12-18;3!
576;1,14;1,14;1,13;1,13;2017-12-19;3!
577;1,13;1,14;1,13;1,13;2017-12-20;3!
578;1,13;1,14;1,13;1,13;2017-12-21;3!
579;1,13;1,14;1,13;1,14;2017-12-22;3!
580;1,13;1,14;1,13;1,13;2017-12-27;3!
581;1,14;1,14;1,13;1,13;2017-12-28;3!
582;1,13;1,14;1,13;1,13;2017-12-29;3!
583;1,13;1,14;1,13;1,13;2018-01-02;3!
584;1,13;1,14;1,13;1,13;2018-01-03;3!
585;1,13;1,13;1,13;1,13;2018-01-04;3!
586;1,13;1,14;1,13;1,13;2018-01-05;3!
587;1,13;1,135;1,13;1,13;2018-01-08;3!
588;1,135;1,135;1,13;1,13;2018-01-09;3!
589;1,13;1,135;1,13;1,13;2018-01-10;3!
590;1,135;1,135;1,13;1,135;2018-01-11;3!
591;1,135;1,135;1,13;1,13;2018-01-12;3!
592;1,135;1,135;1,13;1,13;2018-01-15;3!
593;1,13;1,135;1,13;1,13;2018-01-16;3!
594;1,13;1,135;1,13;1,13;2018-01-17;3!
595;1,13;1,135;1,13;1,13;2018-01-18;3!
596;1,13;1,135;1,13;1,13;2018-01-19;3!
597;1,13;1,135;1,13;1,13;2018-01-22;3!
598;1,13;1,13;1,13;1,13;2018-01-23;3!
599;1,13;1,135;1,13;1,13;2018-01-24;3!
600;1,135;1,135;1,13;1,13;2018-01-25;3!
601;9,37;9,5;9,27;9,5;2017-04-13;4!
602;8,9;9,3;8,9;9,3;2017-04-18;4!
603;9,05;9,07;8,9;8,92;2017-04-19;4!
604;8,99;9,36;8,76;9,14;2017-04-20;4!
605;9;9,16;8,88;9,16;2017-04-21;4!
606;9,2;9,4;9,16;9,16;2017-04-24;4!
607;9,35;9,36;9,25;9,25;2017-04-25;4!
608;9,32;9,35;9,3;9,35;2017-04-26;4!
609;9,27;9,43;9,25;9,35;2017-04-27;4!
610;9,38;9,38;9,27;9,27;2017-04-28;4!
611;9,32;9,4;9,31;9,39;2017-05-02;4!
612;9,4;9,4;9,32;9,32;2017-05-03;4!
613;9,4;9,4;9,33;9,4;2017-05-04;4!
614;9,39;9,47;9,3;9,4;2017-05-05;4!
615;9,42;9,47;9,36;9,39;2017-05-08;4!
616;9,54;9,54;9,36;9,4;2017-05-09;4!
617;9,56;9,7;9,55;9,6;2017-05-10;4!
618;9,5;9,6;9,4;9,54;2017-05-11;4!
619;9,65;9,69;9,46;9,55;2017-05-12;4!
620;9,9;9,95;9,7;9,74;2017-05-15;4!
621;9,8;9,95;9,76;9,86;2017-05-16;4!
622;9,84;9,93;9,8;9,85;2017-05-17;4!
623;9,84;10;9,81;9,84;2017-05-18;4!
624;10,04;10,1;9,85;9,96;2017-05-19;4!
625;10,13;10,3;10;10,04;2017-05-22;4!
626;10,21;10,29;10,05;10,05;2017-05-23;4!
627;10,8;10,91;10,27;10,29;2017-05-24;4!
628;10,7;10,77;10,63;10,77;2017-05-25;4!
629;10,74;10,76;10,66;10,75;2017-05-26;4!
630;10,7;10,74;10,5;10,73;2017-05-29;4!
631;10,92;11;10,64;10,68;2017-05-30;4!
632;11,05;11,1;10,99;10,99;2017-05-31;4!
633;11,02;11,1;10,94;11,1;2017-06-01;4!
634;11,06;11,11;10,95;11,02;2017-06-02;4!
635;11,18;11,18;11,06;11,11;2017-06-05;4!
636;11,22;11,31;11,15;11,17;2017-06-06;4!
637;11,25;11,34;11,2;11,29;2017-06-07;4!
638;11,35;11,39;11,2;11,2;2017-06-08;4!
639;11,31;11,39;11,22;11,35;2017-06-09;4!
640;10,98;11,34;10,89;11,29;2017-06-12;4!
641;11,07;11,08;10,87;10,9;2017-06-13;4!
642;10,79;10,99;10,48;10,99;2017-06-14;4!
643;11;11;10,81;10,81;2017-06-15;4!
644;11,02;11,07;11,02;11,07;2017-06-16;4!
645;11,16;11,24;11,05;11,16;2017-06-19;4!
646;11,1;11,22;11,05;11,22;2017-06-20;4!
647;11,38;11,64;11;11,05;2017-06-21;4!
648;11,26;11,39;11,19;11,38;2017-06-22;4!
649;11,33;11,39;11,19;11,39;2017-06-23;4!
650;11,07;11,39;10,96;11,39;2017-06-26;4!
651;11,3;11,35;11,07;11,08;2017-06-27;4!
652;11,59;11,6;11,24;11,33;2017-06-28;4!
653;11,88;12,1;11,52;11,69;2017-06-29;4!
654;11,98;12,01;11,69;11,97;2017-06-30;4!
655;12,09;12,09;11,8;11,8;2017-07-03;4!
656;11,9;12,17;11,8;11,95;2017-07-04;4!
657;11,67;11,85;11,61;11,78;2017-07-05;4!
658;11,47;11,74;11,46;11,74;2017-07-06;4!
659;11,42;11,54;11,42;11,54;2017-07-07;4!
660;11,23;11,51;11,22;11,47;2017-07-10;4!
661;11,35;11,4;11,3;11,4;2017-07-11;4!
662;11,6;11,6;11,33;11,33;2017-07-12;4!
663;11,6;11,8;11,58;11,6;2017-07-13;4!
664;11,9;11,9;11,7;11,75;2017-07-14;4!
665;11,8;12,1;11,76;12;2017-07-17;4!
666;11,7;11,85;11,7;11,8;2017-07-18;4!
667;12;12;11,5;11,73;2017-07-19;4!
668;11,7;11,9;11,5;11,9;2017-07-20;4!
669;11,55;11,7;11,36;11,64;2017-07-21;4!
670;11,44;11,69;11,43;11,69;2017-07-24;4!
671;11,4;11,44;11,38;11,44;2017-07-25;4!
672;11,45;11,45;11,36;11,41;2017-07-26;4!
673;11,66;11,69;11,41;11,5;2017-07-27;4!
674;11,52;11,6;11,44;11,5;2017-07-28;4!
675;11,59;11,68;11,53;11,6;2017-07-31;4!
676;11,64;11,69;11,5;11,6;2017-08-01;4!
677;11,54;11,69;11,45;11,69;2017-08-02;4!
678;11,45;11,55;11,42;11,45;2017-08-03;4!
679;11,68;11,69;11,45;11,45;2017-08-04;4!
680;11,69;11,7;11,45;11,7;2017-08-07;4!
681;11,61;11,69;11,46;11,59;2017-08-08;4!
682;11,44;11,69;11,44;11,6;2017-08-09;4!
683;11,45;11,45;11,41;11,44;2017-08-10;4!
684;11,5;11,54;11,41;11,43;2017-08-11;4!
685;11,5;11,6;11,46;11,54;2017-08-14;4!
686;11,45;11,5;11,4;11,5;2017-08-15;4!
687;11,45;11,49;11,44;11,49;2017-08-16;4!
688;11,52;11,58;11,4;11,4;2017-08-17;4!
689;11,5;11,52;11,41;11,52;2017-08-18;4!
690;11,5;11,53;11,45;11,53;2017-08-21;4!
691;11,44;11,52;11,4;11,44;2017-08-22;4!
692;11,44;11,5;11,4;11,5;2017-08-23;4!
693;11,5;11,58;11,44;11,5;2017-08-24;4!
694;11,68;11,68;11,45;11,45;2017-08-25;4!
695;11,59;11,69;11,58;11,68;2017-08-28;4!
696;11,59;11,59;11,5;11,59;2017-08-29;4!
697;11,47;11,69;11,46;11,61;2017-08-30;4!
698;11,31;11,5;11,31;11,5;2017-08-31;4!
699;11,19;11,39;11,13;11,31;2017-09-01;4!
700;11,14;11,4;11,14;11,19;2017-09-04;4!
701;11,05;11,33;11,05;11,31;2017-09-05;4!
702;11,02;11,08;10,85;11,05;2017-09-06;4!
703;10,84;11;10,82;11;2017-09-07;4!
704;11;11,08;10,8;11;2017-09-08;4!
705;11,2;11,2;10,91;11,07;2017-09-11;4!
706;11,21;11,4;11,1;11,2;2017-09-12;4!
707;11,37;11,44;11,19;11,25;2017-09-13;4!
708;11,27;11,44;11,26;11,44;2017-09-14;4!
709;11,2;11,33;11,1;11,33;2017-09-15;4!
710;11,02;11,31;11,02;11,31;2017-09-18;4!
711;11,05;11,19;11,02;11,18;2017-09-19;4!
712;11,11;11,19;11,05;11,05;2017-09-20;4!
713;11,19;11,24;11,13;11,24;2017-09-21;4!
714;11,15;11,28;11,09;11,28;2017-09-22;4!
715;11,13;11,3;11,07;11,3;2017-09-25;4!
716;10,92;11,27;10,41;11,27;2017-09-26;4!
717;10,95;11,1;10,7;10,93;2017-09-27;4!
718;11,05;11,09;10,9;11,04;2017-09-28;4!
719;11,24;11,24;11,05;11,1;2017-09-29;4!
720;11,38;11,48;11,3;11,48;2017-10-02;4!
721;11,36;11,5;11,25;11,43;2017-10-03;4!
722;11,31;11,49;11,31;11,49;2017-10-04;4!
723;11,27;11,47;11,27;11,47;2017-10-05;4!
724;11,25;11,32;11,21;11,3;2017-10-06;4!
725;11,26;11,4;11,25;11,4;2017-10-09;4!
726;11,25;11,39;11,25;11,25;2017-10-10;4!
727;11,25;11,3;11,25;11,25;2017-10-11;4!
728;11,23;11,34;11,23;11,25;2017-10-12;4!
729;11,22;11,24;11,22;11,23;2017-10-13;4!
730;11,22;11,27;11,22;11,25;2017-10-16;4!
731;11,22;11,27;11,22;11,22;2017-10-17;4!
732;11,25;11,3;11,21;11,22;2017-10-18;4!
733;11,24;11,55;11,09;11,55;2017-10-19;4!
734;11,14;11,27;11,09;11,1;2017-10-20;4!
735;11,22;11,3;11,09;11,1;2017-10-23;4!
736;11,15;11,3;11,11;11,28;2017-10-24;4!
737;10,97;11,18;10,94;11,12;2017-10-25;4!
738;10,94;11,01;10,82;11;2017-10-26;4!
739;11,16;11,18;11;11;2017-10-27;4!
740;11,24;11,24;11,08;11,08;2017-10-30;4!
741;11,12;11,18;11;11,15;2017-10-31;4!
742;11,15;11,15;11,05;11,12;2017-11-01;4!
743;11,07;11,17;11,07;11,17;2017-11-02;4!
744;11,13;11,2;11,07;11,11;2017-11-03;4!
745;11,13;11,2;11,13;11,18;2017-11-06;4!
746;11,13;11,2;11,11;11,14;2017-11-07;4!
747;11,2;11,2;11,11;11,18;2017-11-08;4!
748;11,01;11,2;11;11,2;2017-11-09;4!
749;11,16;11,22;11;11;2017-11-10;4!
750;10,95;11,25;10,91;11,22;2017-11-13;4!
751;10,97;11,08;10,97;11,08;2017-11-14;4!
752;10,85;11,02;10,85;10,95;2017-11-15;4!
753;11;11,04;10,86;10,86;2017-11-16;4!
754;11;11,04;10,99;11;2017-11-17;4!
755;10,94;11,04;10,94;11,02;2017-11-20;4!
756;10,95;11,04;10,91;10,92;2017-11-21;4!
757;10,89;10,95;10,85;10,91;2017-11-22;4!
758;10,98;11;10,86;10,95;2017-11-23;4!
759;10,94;10,96;10,87;10,96;2017-11-24;4!
760;10,95;10,95;10,88;10,88;2017-11-27;4!
761;10,9;10,99;10,9;10,98;2017-11-28;4!
762;10,91;10,98;10,9;10,98;2017-11-29;4!
763;10,92;10,99;10,91;10,91;2017-11-30;4!
764;10,94;11;10,93;11;2017-12-01;4!
765;10,92;11;10,9;10,94;2017-12-04;4!
766;10,95;11;10,85;10,9;2017-12-05;4!
767;10,95;10,98;10,85;10,95;2017-12-06;4!
768;10,86;10,94;10,85;10,94;2017-12-07;4!
769;10,4;10,84;10,4;10,83;2017-12-08;4!
770;10,38;10,55;10,31;10,4;2017-12-11;4!
771;10,27;10,38;10,27;10,38;2017-12-12;4!
772;10,71;10,9;10,24;10,34;2017-12-13;4!
773;10,64;10,88;10,6;10,71;2017-12-14;4!
774;10,55;10,63;10,34;10,63;2017-12-15;4!
775;10,7;10,74;10,42;10,65;2017-12-18;4!
776;10,93;10,98;10,81;10,95;2017-12-19;4!
777;10,93;10,99;10,9;10,97;2017-12-20;4!
778;10,28;10,66;10,25;10,66;2017-12-21;4!
779;10,23;10,35;10,22;10,28;2017-12-22;4!
780;10,18;10,37;10,18;10,26;2017-12-27;4!
781;10,19;10,31;10,15;10,15;2017-12-28;4!
782;10,14;10,34;10,14;10,34;2017-12-29;4!
783;10,6;10,6;10,14;10,14;2018-01-02;4!
784;10,72;10,8;10,7;10,8;2018-01-03;4!
785;10,7;10,9;10,7;10,82;2018-01-04;4!
786;10,92;10,92;10,76;10,9;2018-01-05;4!
787;10,98;11;10,9;10,98;2018-01-08;4!
788;10,9;11;10,82;10,9;2018-01-09;4!
789;10,96;10,96;10,84;10,96;2018-01-10;4!
790;10,9;11;10,86;10,94;2018-01-11;4!
791;11;11;10,86;10,98;2018-01-12;4!
792;10,96;11;10,86;11;2018-01-15;4!
793;10,86;10,98;10,82;10,94;2018-01-16;4!
794;10,7;10,98;10,7;10,98;2018-01-17;4!
795;10,5;10,76;10,5;10,74;2018-01-18;4!
796;10,6;10,68;10,5;10,6;2018-01-19;4!
797;10,86;10,86;10,54;10,7;2018-01-22;4!
798;10,5;10,86;10,5;10,7;2018-01-23;4!
799;10,64;10,66;10,52;10,52;2018-01-24;4!
800;10,8;10,86;10,76;10,78;2018-01-25;4!
801;6,8;6,89;6,8;6,8;2017-04-13;5!
802;6,74;6,8;6,55;6,8;2017-04-18;5!
803;6,67;6,71;6,46;6,5;2017-04-19;5!
804;6,27;6,65;6,02;6,49;2017-04-20;5!
805;6,2;6,39;6,17;6,21;2017-04-21;5!
806;6,49;6,49;6,2;6,31;2017-04-24;5!
807;6,38;6,49;6,38;6,38;2017-04-25;5!
808;6,49;6,49;6,38;6,46;2017-04-26;5!
809;6,8;6,8;6,49;6,51;2017-04-27;5!
810;6,92;6,92;6,7;6,7;2017-04-28;5!
811;6,89;6,91;6,56;6,81;2017-05-02;5!
812;6,88;6,88;6,78;6,78;2017-05-03;5!
813;7;7;6,84;6,93;2017-05-04;5!
814;7,19;7,21;7,05;7,1;2017-05-05;5!
815;7,1;7,22;7,08;7,21;2017-05-08;5!
816;6,99;7,1;6,95;7,1;2017-05-09;5!
817;7,03;7,03;6,95;6,97;2017-05-10;5!
818;7,15;7,15;7,02;7,02;2017-05-11;5!
819;7,1;7,14;7,1;7,11;2017-05-12;5!
820;7,1;7,2;7,1;7,18;2017-05-15;5!
821;7,18;7,2;7,1;7,19;2017-05-16;5!
822;7,1;7,19;7,1;7,18;2017-05-17;5!
823;7,18;7,19;7,1;7,1;2017-05-18;5!
824;7,18;7,19;7,04;7,1;2017-05-19;5!
825;7,12;7,12;6,96;6,96;2017-05-22;5!
826;7,21;7,21;7,12;7,12;2017-05-23;5!
827;7,25;7,39;7,22;7,25;2017-05-24;5!
828;7,31;7,31;7,2;7,25;2017-05-25;5!
829;7,31;7,31;7,25;7,31;2017-05-26;5!
830;7,43;7,43;7,31;7,31;2017-05-29;5!
831;7,45;7,47;7,4;7,45;2017-05-30;5!
832;7,61;7,61;7,45;7,46;2017-05-31;5!
833;7,57;7,61;7,41;7,61;2017-06-01;5!
834;7,55;7,6;7,5;7,6;2017-06-02;5!
835;7,27;7,54;7,27;7,54;2017-06-05;5!
836;7,38;7,48;7,25;7,25;2017-06-06;5!
837;7,49;7,49;7,35;7,35;2017-06-07;5!
838;7,32;7,48;7,31;7,36;2017-06-08;5!
839;7,38;7,39;7,28;7,35;2017-06-09;5!
840;7,3;7,3;7,26;7,28;2017-06-12;5!
841;7,5;7,6;7,3;7,31;2017-06-13;5!
842;7,58;7,58;7,45;7,5;2017-06-14;5!
843;7,57;7,57;7,28;7,57;2017-06-15;5!
844;7,58;7,58;7,32;7,57;2017-06-16;5!
845;7,49;7,58;7,42;7,58;2017-06-19;5!
846;7,51;7,57;7,42;7,55;2017-06-20;5!
847;7,62;7,62;7,33;7,5;2017-06-21;5!
848;7,65;7,7;7,38;7,62;2017-06-22;5!
849;7,63;7,72;7,63;7,71;2017-06-23;5!
850;7,85;7,85;7,62;7,62;2017-06-26;5!
851;7,7;7,75;7,7;7,74;2017-06-27;5!
852;7,7;7,75;7,7;7,72;2017-06-28;5!
853;7,85;7,85;7,72;7,72;2017-06-29;5!
854;7,84;7,85;7,76;7,76;2017-06-30;5!
855;7,85;7,85;7,82;7,84;2017-07-03;5!
856;7,85;7,85;7,77;7,82;2017-07-04;5!
857;7,8;7,8;7,79;7,79;2017-07-05;5!
858;7,77;7,79;7,75;7,78;2017-07-06;5!
859;7,62;7,78;7,62;7,77;2017-07-07;5!
860;7,84;7,84;7,63;7,67;2017-07-10;5!
861;7,79;7,85;7,79;7,85;2017-07-11;5!
862;7,85;7,85;7,8;7,8;2017-07-12;5!
863;7,85;7,85;7,65;7,8;2017-07-13;5!
864;7,73;7,85;7,73;7,85;2017-07-14;5!
865;7,85;7,85;7,74;7,74;2017-07-17;5!
866;7,73;7,85;7,73;7,85;2017-07-18;5!
867;7,8;7,8;7,73;7,73;2017-07-19;5!
868;7,78;7,78;7,75;7,76;2017-07-20;5!
869;7,71;7,8;7,71;7,79;2017-07-21;5!
870;7,7;7,79;7,69;7,79;2017-07-24;5!
871;7,8;7,85;7,76;7,76;2017-07-25;5!
872;7,8;7,85;7,8;7,85;2017-07-26;5!
873;7,79;7,85;7,74;7,85;2017-07-27;5!
874;7,78;7,79;7,7;7,7;2017-07-28;5!
875;7,79;7,79;7,72;7,76;2017-07-31;5!
876;7,66;7,78;7,51;7,78;2017-08-01;5!
877;7,4;7,66;7,31;7,66;2017-08-02;5!
878;7,4;7,62;7,39;7,4;2017-08-03;5!
879;7,47;7,61;7,47;7,47;2017-08-04;5!
880;7,6;7,6;7,45;7,45;2017-08-07;5!
881;7,58;7,6;7,58;7,6;2017-08-08;5!
882;7,79;7,79;7,47;7,58;2017-08-09;5!
883;7,75;7,77;7,75;7,77;2017-08-10;5!
884;7,7;7,74;7,62;7,74;2017-08-11;5!
885;7,7;7,7;7,56;7,58;2017-08-14;5!
886;7,56;7,69;7,56;7,69;2017-08-15;5!
887;7,58;7,69;7,54;7,58;2017-08-16;5!
888;7,58;7,64;7,52;7,52;2017-08-17;5!
889;7,67;7,67;7,58;7,59;2017-08-18;5!
890;7,57;7,66;7,57;7,66;2017-08-21;5!
891;7,45;7,59;7,28;7,59;2017-08-22;5!
892;7,45;7,46;7,45;7,46;2017-08-23;5!
893;7,46;7,46;7,46;7,46;2017-08-24;5!
894;7,49;7,49;7,45;7,45;2017-08-25;5!
895;7,5;7,5;7,46;7,46;2017-08-28;5!
896;7,5;7,51;7,45;7,51;2017-08-29;5!
897;7,48;7,59;7,48;7,51;2017-08-30;5!
898;7,46;7,59;7,46;7,48;2017-08-31;5!
899;7,56;7,6;7,47;7,47;2017-09-01;5!
900;7,55;7,55;7,31;7,55;2017-09-04;5!
901;7,38;7,55;7,38;7,55;2017-09-05;5!
902;7,4;7,41;7,35;7,39;2017-09-06;5!
903;7,42;7,5;7,42;7,42;2017-09-07;5!
904;7,44;7,6;7,44;7,44;2017-09-08;5!
905;7,45;7,5;7,42;7,45;2017-09-11;5!
906;7,5;7,55;7,45;7,45;2017-09-12;5!
907;7,45;7,51;7,45;7,51;2017-09-13;5!
908;7,54;7,59;7,45;7,45;2017-09-14;5!
909;7,59;7,59;7,55;7,56;2017-09-15;5!
910;7,7;7,7;7,55;7,55;2017-09-18;5!
911;7,95;7,95;7,6;7,69;2017-09-19;5!
912;7,95;7,95;7,86;7,95;2017-09-20;5!
913;7,93;7,94;7,74;7,74;2017-09-21;5!
914;7,94;7,95;7,93;7,95;2017-09-22;5!
915;7,94;7,94;7,76;7,94;2017-09-25;5!
916;7,81;7,95;7,81;7,95;2017-09-26;5!
917;7,92;7,95;7,8;7,81;2017-09-27;5!
918;8,05;8,05;7,86;7,95;2017-09-28;5!
919;8,04;8,04;7,95;8,04;2017-09-29;5!
920;8,01;8,05;7,83;7,92;2017-10-02;5!
921;8,05;8,05;7,84;7,99;2017-10-03;5!
922;8,01;8,01;7,91;8,01;2017-10-04;5!
923;7,98;8,05;7,96;8,05;2017-10-05;5!
924;8,04;8,05;7,93;8,05;2017-10-06;5!
925;8,05;8,05;7,95;7,96;2017-10-09;5!
926;8,05;8,05;8,04;8,04;2017-10-10;5!
927;8,06;8,06;7,91;7,96;2017-10-11;5!
928;8,25;8,25;8;8,06;2017-10-12;5!
929;8,23;8,25;8,15;8,25;2017-10-13;5!
930;8,25;8,25;8,16;8,24;2017-10-16;5!
931;8,45;8,5;8,16;8,25;2017-10-17;5!
932;8,4;8,5;8,28;8,33;2017-10-18;5!
933;8,44;8,44;8,31;8,4;2017-10-19;5!
934;8,55;8,55;8,42;8,42;2017-10-20;5!
935;8,65;8,7;8,55;8,6;2017-10-23;5!
936;8,57;8,65;8,5;8,65;2017-10-24;5!
937;8,69;8,7;8,58;8,58;2017-10-25;5!
938;8,68;8,69;8,6;8,61;2017-10-26;5!
939;8,5;8,6;8,46;8,57;2017-10-27;5!
940;8,88;9,02;8,8;8,8;2017-10-30;5!
941;8,56;8,9;8,5;8,9;2017-10-31;5!
942;8,77;8,78;8,58;8,59;2017-11-01;5!
943;8,84;8,87;8,67;8,67;2017-11-02;5!
944;9,2;9,2;8,85;8,9;2017-11-03;5!
945;9,49;9,5;9,2;9,2;2017-11-06;5!
946;9,45;9,5;9,43;9,45;2017-11-07;5!
947;9,5;9,5;9,45;9,5;2017-11-08;5!
948;8,87;9,5;8,81;9,5;2017-11-09;5!
949;8,87;9,1;8,82;8,86;2017-11-10;5!
950;8,29;8,83;8,16;8,82;2017-11-13;5!
951;8,2;8,3;8,2;8,21;2017-11-14;5!
952;7,85;8,21;7,83;8,21;2017-11-15;5!
953;8;8,17;7,92;7,92;2017-11-16;5!
954;8;8,24;7,91;8,21;2017-11-17;5!
955;7,98;8;7,82;7,99;2017-11-20;5!
956;8,08;8,1;7,96;7,96;2017-11-21;5!
957;8,18;8,19;8,02;8,08;2017-11-22;5!
958;7,85;8,18;7,85;8,18;2017-11-23;5!
959;7,9;7,99;7,85;7,86;2017-11-24;5!
960;7,65;7,98;7,28;7,9;2017-11-27;5!
961;7,94;7,95;7,67;7,67;2017-11-28;5!
962;7,94;7,94;7,85;7,85;2017-11-29;5!
963;7,99;8;7,85;7,85;2017-11-30;5!
964;7,8;7,94;7,8;7,94;2017-12-01;5!
965;7,8;7,89;7,8;7,81;2017-12-04;5!
966;7,8;7,8;7,7;7,79;2017-12-05;5!
967;7,75;7,81;7,75;7,8;2017-12-06;5!
968;7,7;7,76;7,7;7,76;2017-12-07;5!
969;7,69;7,75;7,53;7,71;2017-12-08;5!
970;7,74;7,74;7,57;7,57;2017-12-11;5!
971;8,13;8,13;7,67;7,75;2017-12-12;5!
972;8,2;8,34;8,04;8,13;2017-12-13;5!
973;8,34;8,34;8,1;8,2;2017-12-14;5!
974;8,47;8,59;8,21;8,34;2017-12-15;5!
975;8,6;8,61;8,31;8,48;2017-12-18;5!
976;8,6;8,6;8,36;8,45;2017-12-19;5!
977;8,6;8,6;8,41;8,5;2017-12-20;5!
978;8,8;8,93;8,58;8,59;2017-12-21;5!
979;8,89;8,91;8,74;8,74;2017-12-22;5!
980;8,65;8,69;8,6;8,69;2017-12-27;5!
981;8,6;8,65;8,55;8,65;2017-12-28;5!
982;8,61;8,66;8,6;8,6;2017-12-29;5!
983;8,46;8,46;8,42;8,44;2018-01-02;5!
984;8,46;8,46;8,4;8,44;2018-01-03;5!
985;8,52;8,64;8,4;8,4;2018-01-04;5!
986;8,42;8,5;8,4;8,46;2018-01-05;5!
987;8,46;8,56;8,46;8,52;2018-01-08;5!
988;8,2;8,54;8,2;8,48;2018-01-09;5!
989;8,22;8,22;7,8;8,2;2018-01-10;5!
990;8,04;8,24;7,98;8,2;2018-01-11;5!
991;8,3;8,34;8;8;2018-01-12;5!
992;8,42;8,44;8,3;8,3;2018-01-15;5!
993;8,42;8,44;8,32;8,42;2018-01-16;5!
994;8,32;8,42;8,32;8,42;2018-01-17;5!
995;8,3;8,32;8,3;8,32;2018-01-18;5!
996;8,36;8,44;8,36;8,38;2018-01-19;5!
997;8,2;8,3;8,2;8,22;2018-01-22;5!
998;8,2;8,2;8,1;8,16;2018-01-23;5!
999;8,16;8,26;8,16;8,26;2018-01-24;5!
1000;8,18;8,2;8,12;8,16;2018-01-25;5!
1001;16,7;16,8;16,55;16,7;2017-04-13;6!
1002;16,99;16,99;16,77;16,9;2017-04-18;6!
1003;16,84;16,92;16,79;16,9;2017-04-19;6!
1004;16,57;16,9;16,26;16,84;2017-04-20;6!
1005;16,62;16,68;16,4;16,5;2017-04-21;6!
1006;17;17;16,75;16,78;2017-04-24;6!
1007;17,06;17,08;16,97;17;2017-04-25;6!
1008;17,53;17,54;17,07;17,08;2017-04-26;6!
1009;17,75;17,78;17,57;17,6;2017-04-27;6!
1010;17,66;17,75;17,58;17,75;2017-04-28;6!
1011;17,72;17,84;17,65;17,7;2017-05-02;6!
1012;17,7;17,72;17,6;17,72;2017-05-03;6!
1013;17,85;17,85;17,69;17,73;2017-05-04;6!
1014;17,98;18;17,8;17,84;2017-05-05;6!
1015;18,05;18,1;17,94;17,98;2017-05-08;6!
1016;18,05;18,15;17,99;18,05;2017-05-09;6!
1017;18;18,05;17,98;18,05;2017-05-10;6!
1018;18,02;18,02;17,95;18;2017-05-11;6!
1019;18,07;18,12;17,99;18,03;2017-05-12;6!
1020;18,25;18,3;18,1;18,1;2017-05-15;6!
1021;18,42;18,46;18,25;18,25;2017-05-16;6!
1022;18,7;18,71;18,33;18,44;2017-05-17;6!
1023;18,5;18,69;18,3;18,67;2017-05-18;6!
1024;18,7;18,75;18,45;18,45;2017-05-19;6!
1025;18,78;18,8;18,68;18,73;2017-05-22;6!
1026;18,78;18,82;18,72;18,82;2017-05-23;6!
1027;18,8;18,99;18,78;18,8;2017-05-24;6!
1028;18,75;18,82;18,71;18,8;2017-05-25;6!
1029;18,85;18,85;18,76;18,8;2017-05-26;6!
1030;18,9;18,9;18,82;18,84;2017-05-29;6!
1031;19,11;19,21;18,9;18,9;2017-05-30;6!
1032;19,06;19,25;18,99;19,13;2017-05-31;6!
1033;19,1;19,24;18,99;19,22;2017-06-01;6!
1034;18,7;19,35;18,45;19,15;2017-06-02;6!
1035;19,44;19,47;18,8;18,96;2017-06-05;6!
1036;19,42;19,5;19,38;19,41;2017-06-06;6!
1037;19,83;19,83;19,36;19,47;2017-06-07;6!
1038;19,08;19,33;18,92;19,32;2017-06-08;6!
1039;19,08;19,15;19,05;19,1;2017-06-09;6!
1040;18,98;19,08;18,82;19,05;2017-06-12;6!
1041;18,9;19,1;18,8;19,1;2017-06-13;6!
1042;19,15;19,19;18,91;18,95;2017-06-14;6!
1043;19,14;19,19;19;19,17;2017-06-15;6!
1044;18,94;19,19;18,94;19,15;2017-06-16;6!
1045;19,2;19,25;19,02;19,02;2017-06-19;6!
1046;19,44;19,65;19,17;19,2;2017-06-20;6!
1047;19,84;19,96;19,38;19,44;2017-06-21;6!
1048;19,85;19,9;19,69;19,83;2017-06-22;6!
1049;19,7;19,81;19,69;19,81;2017-06-23;6!
1050;19,84;19,91;19,62;19,67;2017-06-26;6!
1051;19,83;19,94;19,76;19,84;2017-06-27;6!
1052;20,25;20,35;19,75;19,88;2017-06-28;6!
1053;19,98;20,3;19,79;20,3;2017-06-29;6!
1054;20,16;20,18;19,93;20,03;2017-06-30;6!
1055;20,1;20,22;19,7;20,17;2017-07-03;6!
1056;20,01;20,1;19,94;20,1;2017-07-04;6!
1057;19,9;20,07;19,83;19,96;2017-07-05;6!
1058;20,14;20,3;19,98;19,99;2017-07-06;6!
1059;20,25;20,44;20,04;20,2;2017-07-07;6!
1060;20,53;20,74;20,26;20,26;2017-07-10;6!
1061;20,5;20,55;20,33;20,5;2017-07-11;6!
1062;20,55;20,7;20,46;20,5;2017-07-12;6!
1063;20,55;20,57;20,47;20,55;2017-07-13;6!
1064;20,59;20,6;20,51;20,6;2017-07-14;6!
1065;20,57;20,6;20,46;20,53;2017-07-17;6!
1066;20,6;20,6;20,41;20,5;2017-07-18;6!
1067;20,62;20,62;20,55;20,58;2017-07-19;6!
1068;20,47;20,6;20,43;20,6;2017-07-20;6!
1069;20,2;20,49;20,11;20,44;2017-07-21;6!
1070;20,15;20,31;20,02;20,14;2017-07-24;6!
1071;20,33;20,44;20,1;20,12;2017-07-25;6!
1072;20,22;20,41;20,21;20,4;2017-07-26;6!
1073;20,08;20,32;19,9;20,2;2017-07-27;6!
1074;20;20,1;19,95;20,1;2017-07-28;6!
1075;19,85;20;19,8;19,97;2017-07-31;6!
1076;19,77;19,95;19,7;19,84;2017-08-01;6!
1077;19,62;19,77;19;19,7;2017-08-02;6!
1078;19,59;19,65;19,5;19,52;2017-08-03;6!
1079;19,9;19,91;19,45;19,5;2017-08-04;6!
1080;19,56;19,92;19,5;19,9;2017-08-07;6!
1081;19,6;19,6;19,47;19,54;2017-08-08;6!
1082;19,44;19,59;19,36;19,59;2017-08-09;6!
1083;19,41;19,6;19,29;19,48;2017-08-10;6!
1084;19,1;19,32;18,61;19,32;2017-08-11;6!
1085;19,32;19,48;19,08;19,11;2017-08-14;6!
1086;19,31;19,47;19,25;19,4;2017-08-15;6!
1087;19,41;19,61;19,33;19,33;2017-08-16;6!
1088;19,86;20;19,55;19,55;2017-08-17;6!
1089;19,83;19,99;19,73;19,98;2017-08-18;6!
1090;19,92;20,06;19,85;19,98;2017-08-21;6!
1091;19,76;19,99;19,7;19,99;2017-08-22;6!
1092;19,31;19,9;19,28;19,9;2017-08-23;6!
1093;19,32;19,53;19,25;19,31;2017-08-24;6!
1094;19,4;19,61;19,3;19,3;2017-08-25;6!
1095;19,35;19,6;19,11;19,46;2017-08-28;6!
1096;19,06;19,36;18,93;19,32;2017-08-29;6!
1097;19,06;19,47;18,6;19,2;2017-08-30;6!
1098;18,91;19,04;18,9;18,98;2017-08-31;6!
1099;19,01;19,17;18,93;18,93;2017-09-01;6!
1100;18,82;19,01;18,74;19,01;2017-09-04;6!
1101;18,45;18,84;18,35;18,82;2017-09-05;6!
1102;19,09;19,23;18,48;18,5;2017-09-06;6!
1103;18,86;19,15;18,45;19,1;2017-09-07;6!
1104;18,92;19,03;18,66;19;2017-09-08;6!
1105;19,05;19,37;18,8;19,03;2017-09-11;6!
1106;18,88;19,05;18,82;19;2017-09-12;6!
1107;18,84;19,03;18,76;18,85;2017-09-13;6!
1108;18,58;18,82;18,52;18,82;2017-09-14;6!
1109;18,75;18,75;18,6;18,6;2017-09-15;6!
1110;18,81;18,84;18,7;18,72;2017-09-18;6!
1111;18,86;19;18,77;18,77;2017-09-19;6!
1112;18,86;18,99;18,8;18,96;2017-09-20;6!
1113;18,87;18,99;18,8;18,83;2017-09-21;6!
1114;19,23;19,3;18,85;18,95;2017-09-22;6!
1115;18,75;19,35;18,67;19,35;2017-09-25;6!
1116;18,92;18,96;18,78;18,96;2017-09-26;6!
1117;19,04;19,06;18,89;18,91;2017-09-27;6!
1118;19,19;19,31;19,02;19,2;2017-09-28;6!
1119;19,08;19,35;18,96;19,2;2017-09-29;6!
1120;19,2;19,25;19,02;19,25;2017-10-02;6!
1121;19,4;19,4;18,96;19,06;2017-10-03;6!
1122;19,45;19,46;19,25;19,39;2017-10-04;6!
1123;19,5;19,5;19,25;19,46;2017-10-05;6!
1124;19,5;19,58;19,44;19,49;2017-10-06;6!
1125;19,91;19,94;19,5;19,5;2017-10-09;6!
1126;19,84;19,94;19,48;19,91;2017-10-10;6!
1127;19,71;19,85;19,59;19,85;2017-10-11;6!
1128;19,65;19,78;19,55;19,68;2017-10-12;6!
1129;19,66;19,72;19,57;19,61;2017-10-13;6!
1130;19,74;19,75;19,64;19,7;2017-10-16;6!
1131;19,65;19,84;19,6;19,72;2017-10-17;6!
1132;19,65;19,7;19,47;19,7;2017-10-18;6!
1133;19,63;19,67;19,4;19,65;2017-10-19;6!
1134;19,84;19,85;19,57;19,59;2017-10-20;6!
1135;19,78;19,99;19,71;19,95;2017-10-23;6!
1136;19,7;19,9;19,56;19,78;2017-10-24;6!
1137;19,85;20;19,7;19,79;2017-10-25;6!
1138;20,18;20,4;19,78;19,89;2017-10-26;6!
1139;20,33;20,6;20,09;20,29;2017-10-27;6!
1140;20,38;20,55;20,3;20,43;2017-10-30;6!
1141;20,46;20,57;20,38;20,57;2017-10-31;6!
1142;20,4;20,53;20,37;20,5;2017-11-01;6!
1143;20,4;20,46;20,3;20,44;2017-11-02;6!
1144;20,4;20,41;20,29;20,3;2017-11-03;6!
1145;20,5;20,57;20,43;20,45;2017-11-06;6!
1146;20,46;20,55;20,38;20,5;2017-11-07;6!
1147;20,47;20,55;20,36;20,5;2017-11-08;6!
1148;20,29;20,44;20,1;20,44;2017-11-09;6!
1149;20,05;20,36;20,04;20,3;2017-11-10;6!
1150;19,76;20,15;19,58;20,06;2017-11-13;6!
1151;19,94;20,02;19,85;19,89;2017-11-14;6!
1152;19,99;20,07;19,78;19,9;2017-11-15;6!
1153;20,04;20,2;19,96;20;2017-11-16;6!
1154;19,92;20,3;19,92;20,19;2017-11-17;6!
1155;20,15;20,22;19,86;20;2017-11-20;6!
1156;20,27;20,41;20,15;20,15;2017-11-21;6!
1157;20,29;20,36;20,13;20,29;2017-11-22;6!
1158;20,56;20,6;20,26;20,3;2017-11-23;6!
1159;20,66;20,8;20,5;20,56;2017-11-24;6!
1160;20,51;20,7;20,45;20,7;2017-11-27;6!
1161;20,45;20,55;20,42;20,49;2017-11-28;6!
1162;19,6;20,1;19;20,1;2017-11-29;6!
1163;19,82;19,82;19,3;19,5;2017-11-30;6!
1164;19,85;20;19,63;19,8;2017-12-01;6!
1165;19,72;19,93;19,6;19,85;2017-12-04;6!
1166;19,81;19,92;19,62;19,66;2017-12-05;6!
1167;19,69;19,9;19,52;19,8;2017-12-06;6!
1168;19,69;19,7;19,55;19,69;2017-12-07;6!
1169;19,83;19,99;19,67;19,69;2017-12-08;6!
1170;19,84;19,9;19,75;19,83;2017-12-11;6!
1171;19,83;19,92;19,78;19,9;2017-12-12;6!
1172;19,61;19,88;19,55;19,88;2017-12-13;6!
1173;19,39;19,74;19,37;19,58;2017-12-14;6!
1174;19,8;19,8;19,31;19,39;2017-12-15;6!
1175;19,62;19,8;19,35;19,8;2017-12-18;6!
1176;19,68;19,73;19,52;19,55;2017-12-19;6!
1177;20,05;20,45;19,92;20,03;2017-12-20;6!
1178;19,95;20,1;19,73;20,09;2017-12-21;6!
1179;20,36;20,48;19,96;19,99;2017-12-22;6!
1180;20,75;20,78;20,3;20,3;2017-12-27;6!
1181;21,4;21,59;20,78;20,8;2017-12-28;6!
1182;21,04;21,4;20,95;21,27;2017-12-29;6!
1183;21,15;21,6;21,15;21,15;2018-01-02;6!
1184;21,35;21,4;21,05;21,25;2018-01-03;6!
1185;21,2;21,4;21,2;21,4;2018-01-04;6!
1186;21,45;21,45;21,2;21,35;2018-01-05;6!
1187;21,4;21,4;21,25;21,4;2018-01-08;6!
1188;21,05;21,4;20,9;21,25;2018-01-09;6!
1189;21;21,1;20,85;21,05;2018-01-10;6!
1190;20,95;21,05;20,85;21;2018-01-11;6!
1191;20,7;20,85;20,6;20,85;2018-01-12;6!
1192;21,1;21,1;20,65;20,75;2018-01-15;6!
1193;21,2;21,45;21,05;21,2;2018-01-16;6!
1194;21,05;21,2;20,95;21,2;2018-01-17;6!
1195;20,95;21;20,8;20,95;2018-01-18;6!
1196;20,95;21;20,8;20,85;2018-01-19;6!
1197;20,75;20,95;20,75;20,8;2018-01-22;6!
1198;20,85;20,95;20,75;20,85;2018-01-23;6!
1199;21,15;21,2;20,85;20,85;2018-01-24;6!
1200;20,8;21,35;20,6;21,25;2018-01-25;6!
1201;3,08;3,08;3,05;3,08;2017-04-13;7!
1202;3;3,07;2,93;2,96;2017-04-18;7!
1203;3,04;3,04;2,89;3;2017-04-19;7!
1204;3,1;3,1;3,03;3,03;2017-04-20;7!
1205;3,3;3,3;2,93;3,08;2017-04-21;7!
1206;3,38;3,38;3,28;3,36;2017-04-24;7!
1207;3,45;3,5;3,3;3,37;2017-04-25;7!
1208;3,63;3,65;3,35;3,4;2017-04-26;7!
1209;3,63;3,63;3,5;3,5;2017-04-27;7!
1210;3,69;3,76;3,4;3,65;2017-04-28;7!
1211;3,69;3,7;3,61;3,65;2017-05-02;7!
1212;3,57;3,65;3,49;3,65;2017-05-03;7!
1213;3,5;3,5;3,48;3,5;2017-05-04;7!
1214;3,5;3,5;3,42;3,46;2017-05-05;7!
1215;3,5;3,69;3,44;3,44;2017-05-08;7!
1216;3,49;3,57;3,42;3,44;2017-05-09;7!
1217;3,45;3,47;3,4;3,4;2017-05-10;7!
1218;3,48;3,48;3,39;3,4;2017-05-11;7!
1219;3,4;3,48;3,4;3,48;2017-05-12;7!
1220;3,4;3,4;3,37;3,4;2017-05-15;7!
1221;3,39;3,39;3,33;3,39;2017-05-16;7!
1222;3,39;3,4;3,33;3,39;2017-05-17;7!
1223;3,43;3,59;3,38;3,38;2017-05-18;7!
1224;3,54;3,6;3,39;3,39;2017-05-19;7!
1225;3,68;3,74;3,57;3,57;2017-05-22;7!
1226;3,78;3,8;3,69;3,69;2017-05-23;7!
1227;3,75;3,8;3,66;3,79;2017-05-24;7!
1228;3,74;3,76;3,7;3,71;2017-05-25;7!
1229;3,74;3,75;3,72;3,75;2017-05-26;7!
1230;3,7;3,75;3,65;3,7;2017-05-29;7!
1231;3,55;3,64;3,51;3,64;2017-05-30;7!
1232;3,68;3,9;3,6;3,6;2017-05-31;7!
1233;3,63;3,7;3,55;3,7;2017-06-01;7!
1234;3,7;3,75;3,45;3,5;2017-06-02;7!
1235;3,79;3,81;3,66;3,72;2017-06-05;7!
1236;3,72;3,8;3,65;3,79;2017-06-06;7!
1237;3,69;3,75;3,65;3,67;2017-06-07;7!
1238;3,71;3,74;3,65;3,74;2017-06-08;7!
1239;3,7;3,75;3,63;3,71;2017-06-09;7!
1240;3,64;3,72;3,6;3,72;2017-06-12;7!
1241;3,59;3,64;3,57;3,57;2017-06-13;7!
1242;3,69;3,69;3,57;3,58;2017-06-14;7!
1243;3,58;3,69;3,45;3,69;2017-06-15;7!
1244;3,6;3,6;3,52;3,57;2017-06-16;7!
1245;3,58;3,63;3,54;3,6;2017-06-19;7!
1246;3,5;3,63;3,32;3,58;2017-06-20;7!
1247;3,5;3,53;3,5;3,51;2017-06-21;7!
1248;3,49;3,49;3,4;3,49;2017-06-22;7!
1249;3,51;3,51;3,39;3,5;2017-06-23;7!
1250;3,51;3,51;3,5;3,51;2017-06-26;7!
1251;3,51;3,51;3,41;3,51;2017-06-27;7!
1252;3,51;3,51;3,39;3,44;2017-06-28;7!
1253;3,51;3,51;3,41;3,49;2017-06-29;7!
1254;3,45;3,49;3,39;3,49;2017-06-30;7!
1255;3,47;3,48;3,36;3,46;2017-07-03;7!
1256;3,46;3,46;3,41;3,41;2017-07-04;7!
1257;3,49;3,49;3,43;3,46;2017-07-05;7!
1258;3,44;3,49;3,4;3,49;2017-07-06;7!
1259;3,44;3,44;3,35;3,44;2017-07-07;7!
1260;3,39;3,44;3,31;3,44;2017-07-10;7!
1261;3,35;3,4;3,3;3,39;2017-07-11;7!
1262;3,49;3,49;3,35;3,35;2017-07-12;7!
1263;3,43;3,49;3,4;3,49;2017-07-13;7!
1264;3,48;3,48;3,38;3,43;2017-07-14;7!
1265;3,44;3,48;3,35;3,48;2017-07-17;7!
1266;3,36;3,45;3,36;3,45;2017-07-18;7!
1267;3,35;3,4;3,35;3,36;2017-07-19;7!
1268;3,4;3,4;3,36;3,36;2017-07-20;7!
1269;3,39;3,45;3,39;3,39;2017-07-21;7!
1270;3,43;3,44;3,34;3,36;2017-07-24;7!
1271;3,4;3,46;3,33;3,45;2017-07-25;7!
1272;3,38;3,43;3,33;3,33;2017-07-26;7!
1273;3,43;3,43;3,38;3,38;2017-07-27;7!
1274;3,37;3,43;3,33;3,43;2017-07-28;7!
1275;3,43;3,44;3,35;3,44;2017-07-31;7!
1276;3,42;3,46;3,35;3,46;2017-08-01;7!
1277;3,32;3,45;3,23;3,45;2017-08-02;7!
1278;3,14;3,4;3,08;3,4;2017-08-03;7!
1279;3,13;3,28;3,13;3,14;2017-08-04;7!
1280;3,14;3,14;3,04;3,04;2017-08-07;7!
1281;3,17;3,28;3,11;3,12;2017-08-08;7!
1282;3,15;3,23;3,15;3,18;2017-08-09;7!
1283;3,19;3,23;3,15;3,15;2017-08-10;7!
1284;3,15;3,23;3,15;3,21;2017-08-11;7!
1285;3,1;3,25;3,05;3,17;2017-08-14;7!
1286;3,19;3,19;3,15;3,16;2017-08-15;7!
1287;3,32;3,33;3,16;3,2;2017-08-16;7!
1288;3,51;3,51;3,25;3,3;2017-08-17;7!
1289;3,43;3,49;3,36;3,49;2017-08-18;7!
1290;3,38;3,48;3,33;3,42;2017-08-21;7!
1291;3,34;3,47;3,34;3,47;2017-08-22;7!
1292;3,43;3,48;3,35;3,44;2017-08-23;7!
1293;3,4;3,42;3,2;3,36;2017-08-24;7!
1294;3,27;3,34;3,27;3,33;2017-08-25;7!
1295;3,27;3,34;3,27;3,34;2017-08-28;7!
1296;3,25;3,4;3,22;3,28;2017-08-29;7!
1297;3,3;3,39;3,21;3,25;2017-08-30;7!
1298;3,33;3,37;3,3;3,37;2017-08-31;7!
1299;3,31;3,38;3,31;3,33;2017-09-01;7!
1300;3,3;3,34;3,3;3,33;2017-09-04;7!
1301;3,3;3,3;3,29;3,3;2017-09-05;7!
1302;3,23;3,3;3,23;3,3;2017-09-06;7!
1303;3,31;3,38;3,29;3,3;2017-09-07;7!
1304;3,2;3,31;3,15;3,31;2017-09-08;7!
1305;3,22;3,3;3,21;3,23;2017-09-11;7!
1306;3,16;3,22;3,16;3,2;2017-09-12;7!
1307;3,17;3,25;3,16;3,16;2017-09-13;7!
1308;3,15;3,19;3,15;3,17;2017-09-14;7!
1309;3,14;3,18;3,14;3,18;2017-09-15;7!
1310;3,11;3,24;3,11;3,24;2017-09-18;7!
1311;3,17;3,24;3,04;3,24;2017-09-19;7!
1312;3,04;3,18;3,04;3,05;2017-09-20;7!
1313;3,06;3,19;3,06;3,1;2017-09-21;7!
1314;3,08;3,16;3,08;3,16;2017-09-22;7!
1315;3,1;3,18;3,1;3,11;2017-09-25;7!
1316;3,12;3,29;3,09;3,09;2017-09-26;7!
1317;3,08;3,27;3,08;3,15;2017-09-27;7!
1318;3,08;3,16;3,05;3,08;2017-09-28;7!
1319;3,06;3,08;3,05;3,05;2017-09-29;7!
1320;2,97;3,05;2,9;3,05;2017-10-02;7!
1321;2,96;2,97;2,91;2,91;2017-10-03;7!
1322;2,88;3,05;2,81;2,91;2017-10-04;7!
1323;3,04;3,04;2,9;2,9;2017-10-05;7!
1324;3,22;3,22;3;3;2017-10-06;7!
1325;3,17;3,18;3,06;3,06;2017-10-09;7!
1326;3,13;3,17;3,07;3,14;2017-10-10;7!
1327;3,03;3,14;3,01;3,06;2017-10-11;7!
1328;3,04;3,1;3,01;3,01;2017-10-12;7!
1329;3,04;3,14;2,97;3,05;2017-10-13;7!
1330;3,02;3,02;2,99;3,02;2017-10-16;7!
1331;3;3,04;2,95;3,04;2017-10-17;7!
1332;3,04;3,04;2,93;2,95;2017-10-18;7!
1333;2,99;3;2,91;2,95;2017-10-19;7!
1334;2,98;3,02;2,87;2,98;2017-10-20;7!
1335;2,97;2,99;2,9;2,98;2017-10-23;7!
1336;2,97;2,97;2,87;2,97;2017-10-24;7!
1337;2,95;2,97;2,9;2,97;2017-10-25;7!
1338;2,93;2,95;2,9;2,95;2017-10-26;7!
1339;2,96;2,96;2,77;2,93;2017-10-27;7!
1340;2,91;2,94;2,82;2,94;2017-10-30;7!
1341;2,91;2,91;2,54;2,81;2017-10-31;7!
1342;2,8;2,89;2,8;2,89;2017-11-01;7!
1343;2,8;2,81;2,8;2,8;2017-11-02;7!
1344;2,71;2,75;2,67;2,75;2017-11-03;7!
1345;2,7;2,73;2,66;2,73;2017-11-06;7!
1346;2,69;2,72;2,6;2,72;2017-11-07;7!
1347;2,73;2,73;2,61;2,68;2017-11-08;7!
1348;3,05;3,14;2,75;2,75;2017-11-09;7!
1349;2,97;3,01;2,88;3;2017-11-10;7!
1350;2,99;2,99;2,95;2,98;2017-11-13;7!
1351;3,01;3,02;2,86;2,97;2017-11-14;7!
1352;2,99;3,01;2,88;3,01;2017-11-15;7!
1353;2,98;2,99;2,93;2,99;2017-11-16;7!
1354;2,94;2,96;2,85;2,94;2017-11-17;7!
1355;2,92;2,95;2,9;2,95;2017-11-20;7!
1356;2,91;2,93;2,85;2,93;2017-11-21;7!
1357;2,83;2,91;2,83;2,91;2017-11-22;7!
1358;2,91;2,91;2,82;2,83;2017-11-23;7!
1359;2,87;2,91;2,76;2,91;2017-11-24;7!
1360;2,88;2,88;2,84;2,87;2017-11-27;7!
1361;2,87;2,88;2,8;2,88;2017-11-28;7!
1362;2,81;2,88;2,81;2,88;2017-11-29;7!
1363;2,83;2,83;2,81;2,82;2017-11-30;7!
1364;2,87;2,87;2,7;2,82;2017-12-01;7!
1365;2,65;2,77;2,65;2,77;2017-12-04;7!
1366;2,68;2,68;2,56;2,65;2017-12-05;7!
1367;2,67;2,67;2,55;2,55;2017-12-06;7!
1368;2,65;2,84;2,56;2,62;2017-12-07;7!
1369;2,67;2,69;2,58;2,58;2017-12-08;7!
1370;2,64;2,67;2,57;2,67;2017-12-11;7!
1371;2,76;2,81;2,64;2,64;2017-12-12;7!
1372;3;3,09;2,76;2,76;2017-12-13;7!
1373;3;3,05;2,95;3,05;2017-12-14;7!
1374;3,07;3,16;2,91;3,01;2017-12-15;7!
1375;3,04;3,09;2,96;3,05;2017-12-18;7!
1376;3;3,05;2,96;3,03;2017-12-19;7!
1377;2,98;3,03;2,98;3,03;2017-12-20;7!
1378;2,94;3;2,93;3;2017-12-21;7!
1379;3;3;2,94;2,95;2017-12-22;7!
1380;2,93;3;2,93;3;2017-12-27;7!
1381;2,99;2,99;2,94;2,94;2017-12-28;7!
1382;3;3,04;2,99;3;2017-12-29;7!
1383;3;3,01;3;3;2018-01-02;7!
1384;3,02;3,02;3,01;3,01;2018-01-03;7!
1385;3,1;3,11;3,05;3,08;2018-01-04;7!
1386;3,09;3,1;3,05;3,09;2018-01-05;7!
1387;3,05;3,09;3,02;3,08;2018-01-08;7!
1388;3,05;3,05;3;3;2018-01-09;7!
1389;3,02;3,05;3,02;3,05;2018-01-10;7!
1390;3;3;2,96;3;2018-01-11;7!
1391;3;3;2,99;2,99;2018-01-12;7!
1392;3,06;3,07;3;3,07;2018-01-15;7!
1393;3,05;3,06;3,02;3,06;2018-01-16;7!
1394;3,04;3,05;3;3,05;2018-01-17;7!
1395;3;3,01;3;3;2018-01-18;7!
1396;3;3;2,97;3;2018-01-19;7!
1397;3;3;2,97;3;2018-01-22;7!
1398;2,99;3;2,94;3;2018-01-23;7!
1399;3,03;3,05;2,92;2,99;2018-01-24;7!
1400;3,04;3,06;2,92;3,06;2018-01-25;7!
1401;10,16;10,3;10,16;10,3;2017-04-13;8!
1402;10,1;10,16;10,1;10,16;2017-04-18;8!
1403;10;10,1;10;10,1;2017-04-19;8!
1404;10,01;10,2;10;10,2;2017-04-20;8!
1405;10;10,18;9,95;10;2017-04-21;8!
1406;10,1;10,1;10;10;2017-04-24;8!
1407;10,1;10,15;10,03;10,11;2017-04-25;8!
1408;10,04;10,1;9,93;10,1;2017-04-26;8!
1409;10;10;9,95;10;2017-04-27;8!
1410;9,9;10;9,9;9,94;2017-04-28;8!
1411;9,91;10,05;9,9;9,98;2017-05-02;8!
1412;9,99;10,09;9,92;9,99;2017-05-03;8!
1413;10,54;10,55;10,24;10,24;2017-05-04;8!
1414;10,58;10,58;10,3;10,53;2017-05-05;8!
1415;10,7;10,7;10,34;10,7;2017-05-08;8!
1416;10,44;10,68;10,37;10,68;2017-05-09;8!
1417;10,65;10,74;10,52;10,7;2017-05-10;8!
1418;10,85;10,85;10,73;10,75;2017-05-11;8!
1419;10,95;10,95;10,85;10,89;2017-05-12;8!
1420;11,15;11,15;10,99;11;2017-05-15;8!
1421;11,45;11,5;11,15;11,15;2017-05-16;8!
1422;11,42;11,5;11,16;11,5;2017-05-17;8!
1423;11,2;11,43;11,19;11,43;2017-05-18;8!
1424;11,36;11,36;11,21;11,36;2017-05-19;8!
1425;11,25;11,36;11,16;11,36;2017-05-22;8!
1426;11,29;11,29;11,15;11,2;2017-05-23;8!
1427;11,52;11,8;11,17;11,29;2017-05-24;8!
1428;11,75;11,8;11,7;11,7;2017-05-25;8!
1429;11,7;11,8;11,5;11,8;2017-05-26;8!
1430;11,39;11,56;11,15;11,56;2017-05-29;8!
1431;11,44;11,5;11,44;11,5;2017-05-30;8!
1432;11,5;11,7;11,31;11,42;2017-05-31;8!
1433;11,65;11,86;11,62;11,62;2017-06-01;8!
1434;11,7;11,8;11,67;11,79;2017-06-02;8!
1435;11,82;11,82;11,7;11,7;2017-06-05;8!
1436;11,75;11,75;11,67;11,75;2017-06-06;8!
1437;11,69;11,75;11,5;11,75;2017-06-07;8!
1438;11,38;11,5;11,37;11,5;2017-06-08;8!
1439;11,5;11,5;11,41;11,5;2017-06-09;8!
1440;11,3;11,64;11,25;11,51;2017-06-12;8!
1441;11,4;11,4;11,28;11,28;2017-06-13;8!
1442;11,58;11,59;11,4;11,4;2017-06-14;8!
1443;11,2;11,49;11,2;11,49;2017-06-15;8!
1444;11,4;11,64;11,4;11,64;2017-06-16;8!
1445;11,29;11,59;11,29;11,5;2017-06-19;8!
1446;11,59;11,59;11,29;11,29;2017-06-20;8!
1447;11,48;11,49;11,29;11,49;2017-06-21;8!
1448;11,3;11,3;11,3;11,3;2017-06-22;8!
1449;11,33;11,33;11,33;11,33;2017-06-23;8!
1450;11,3;11,47;11,26;11,26;2017-06-26;8!
1451;11,33;11,47;11,31;11,43;2017-06-27;8!
1452;11,33;11,44;11,31;11,44;2017-06-28;8!
1453;11,4;11,42;11,3;11,33;2017-06-29;8!
1454;11,3;11,39;11,3;11,35;2017-06-30;8!
1455;11,27;11,27;11,27;11,27;2017-07-03;8!
1456;11,25;11,27;11,25;11,27;2017-07-04;8!
1457;11,25;11,44;11,25;11,25;2017-07-05;8!
1458;11,92;11,92;11,25;11,28;2017-07-06;8!
1459;11,45;11,76;11,4;11,76;2017-07-07;8!
1460;11,46;11,47;11,46;11,47;2017-07-10;8!
1461;11,6;11,6;11,5;11,5;2017-07-11;8!
1462;11,73;11,76;11,5;11,76;2017-07-12;8!
1463;11,32;11,56;11,32;11,5;2017-07-13;8!
1464;11,34;11,35;11,22;11,25;2017-07-14;8!
1465;11,21;11,29;11,2;11,25;2017-07-17;8!
1466;11,1;11,25;11;11,2;2017-07-18;8!
1467;11,01;11,09;11;11,01;2017-07-19;8!
1468;11,16;11,16;11,04;11,09;2017-07-20;8!
1469;11,11;11,17;11,1;11,12;2017-07-21;8!
1470;11,03;11,08;11,02;11,07;2017-07-24;8!
1471;11,29;11,29;11,02;11,02;2017-07-25;8!
1472;11,1;11,29;11,1;11,29;2017-07-26;8!
1473;11,28;11,28;11,1;11,1;2017-07-27;8!
1474;11,1;11,28;11,1;11,11;2017-07-28;8!
1475;11,51;11,73;11,42;11,42;2017-07-31;8!
1476;11,32;11,72;11,18;11,18;2017-08-01;8!
1477;11,61;11,63;11,31;11,58;2017-08-02;8!
1478;11,5;11,61;11,45;11,61;2017-08-03;8!
1479;11,52;11,52;11,5;11,51;2017-08-04;8!
1480;11,55;11,65;11,53;11,55;2017-08-07;8!
1481;11,72;11,72;11,5;11,55;2017-08-08;8!
1482;11,71;11,71;11,48;11,51;2017-08-09;8!
1483;11,37;11,7;11,37;11,5;2017-08-10;8!
1484;11,22;11,37;11,22;11,37;2017-08-11;8!
1485;11,64;11,7;11,64;11,7;2017-08-14;8!
1486;11,4;11,4;11,33;11,33;2017-08-15;8!
1487;11,41;11,42;11,4;11,4;2017-08-16;8!
1488;11,41;11,41;11,41;11,41;2017-08-17;8!
1489;11,24;11,39;11,23;11,39;2017-08-18;8!
1490;11,09;11,49;11,09;11,49;2017-08-21;8!
1491;11,39;11,39;11,1;11,1;2017-08-22;8!
1492;11,38;11,39;11,2;11,2;2017-08-23;8!
1493;11,16;11,4;11,12;11,12;2017-08-24;8!
1494;11,2;11,2;11,1;11,14;2017-08-25;8!
1495;11,46;11,49;11,14;11,49;2017-08-28;8!
1496;11,11;11,14;11,1;11,14;2017-08-29;8!
1497;11,32;11,32;11,09;11,1;2017-08-30;8!
1498;11,34;11,34;11,15;11,34;2017-08-31;8!
1499;11,4;11,4;11,3;11,3;2017-09-01;8!
1500;11,11;11,49;11,11;11,41;2017-09-04;8!
1501;11,11;11,39;11,1;11,13;2017-09-05;8!
1502;11,21;11,4;11,1;11,1;2017-09-06;8!
1503;11,35;11,39;11,2;11,2;2017-09-07;8!
1504;11,17;11,18;11,17;11,17;2017-09-08;8!
1505;11,18;11,3;11,18;11,3;2017-09-11;8!
1506;11,1;11,34;11,1;11,28;2017-09-12;8!
1507;11,1;11,13;11,1;11,13;2017-09-13;8!
1508;11,1;11,26;11,1;11,1;2017-09-14;8!
1509;11,1;11,1;11,1;11,1;2017-09-15;8!
1510;11,11;11,2;11,06;11,1;2017-09-18;8!
1511;11,3;11,3;11,1;11,2;2017-09-19;8!
1512;11,5;11,5;11,11;11,29;2017-09-20;8!
1513;11,49;11,49;11,49;11,49;2017-09-21;8!
1514;11,14;11,5;11,1;11,17;2017-09-22;8!
1515;11,39;11,39;11,12;11,2;2017-09-25;8!
1516;11,6;11,6;11,15;11,15;2017-09-26;8!
1517;11,64;11,64;11,53;11,53;2017-09-27;8!
1518;11,6;11,6;11,35;11,6;2017-09-28;8!
1519;11,52;11,64;11,5;11,5;2017-09-29;8!
1520;11,5;11,5;11,5;11,5;2017-10-02;8!
1521;11,12;11,24;11,12;11,24;2017-10-03;8!
1522;10,8;11,12;10,7;11,12;2017-10-04;8!
1523;10,61;11;10,6;11;2017-10-05;8!
1524;10,77;10,8;10,6;10,75;2017-10-06;8!
1525;11;11;10,76;10,76;2017-10-09;8!
1526;11,2;11,2;11;11;2017-10-10;8!
1527;11,07;11,29;11,07;11,18;2017-10-11;8!
1528;11,25;11,26;10,98;11,12;2017-10-12;8!
1529;10,81;10,84;10,81;10,84;2017-10-13;8!
1530;10,63;11,08;10,63;10,8;2017-10-16;8!
1531;10,67;10,89;10,65;10,65;2017-10-17;8!
1532;10,88;10,88;10,88;10,88;2017-10-18;8!
1533;10,75;10,75;10,68;10,75;2017-10-19;8!
1534;10,99;10,99;10,8;10,81;2017-10-20;8!
1535;10,83;10,83;10,83;10,83;2017-10-23;8!
1536;10,58;10,84;10,37;10,83;2017-10-24;8!
1537;10,64;10,84;10,46;10,46;2017-10-25;8!
1538;10,6;10,64;10,6;10,64;2017-10-26;8!
1539;10,3;10,53;10,26;10,41;2017-10-27;8!
1540;10,4;10,4;10,25;10,26;2017-10-30;8!
1541;10;10,26;9,95;10,26;2017-10-31;8!
1542;10;10;9,7;10;2017-11-01;8!
1543;9,99;10;9,91;9,91;2017-11-02;8!
1544;10,01;10,11;10;10;2017-11-03;8!
1545;10,03;10,05;10;10,05;2017-11-06;8!
1546;10;10,05;10;10,05;2017-11-07;8!
1547;10,05;10,05;10;10,05;2017-11-08;8!
1548;10;10,05;10;10;2017-11-09;8!
1549;10;10,05;10;10,05;2017-11-10;8!
1550;9,96;10;9,96;10;2017-11-13;8!
1551;9,93;10;9,93;9,95;2017-11-14;8!
1552;9,8;9,93;9,78;9,93;2017-11-15;8!
1553;9,79;9,8;9,77;9,79;2017-11-16;8!
1554;10,17;10,17;9,98;9,98;2017-11-17;8!
1555;9,99;10,08;9,98;9,98;2017-11-20;8!
1556;10,45;10,45;9,98;9,98;2017-11-21;8!
1557;9,86;10,47;9,8;9,8;2017-11-22;8!
1558;9,99;9,99;9,99;9,99;2017-11-23;8!
1559;10,31;10,31;9,94;9,94;2017-11-24;8!
1560;9,93;10,34;9,93;10,34;2017-11-27;8!
1561;9,99;10,14;9,92;9,99;2017-11-28;8!
1562;9,9;9,91;9,9;9,91;2017-11-29;8!
1563;9,75;9,9;9,75;9,9;2017-11-30;8!
1564;9,73;9,8;9,7;9,72;2017-12-01;8!
1565;9,62;9,71;9,62;9,65;2017-12-04;8!
1566;9,61;9,63;9,61;9,61;2017-12-05;8!
1567;9,62;9,7;9,62;9,62;2017-12-06;8!
1568;9,65;9,65;9,61;9,62;2017-12-07;8!
1569;9,65;9,65;9,61;9,61;2017-12-08;8!
1570;9,64;9,65;9,64;9,64;2017-12-11;8!
1571;9,64;9,65;9,64;9,64;2017-12-12;8!
1572;9,78;9,79;9,65;9,65;2017-12-13;8!
1573;9,65;9,66;9,62;9,65;2017-12-14;8!
1574;9,74;9,74;9,67;9,67;2017-12-15;8!
1575;9,87;9,87;9,8;9,8;2017-12-18;8!
1576;9,9;9,98;9,9;9,9;2017-12-19;8!
1577;9,7;9,99;9,68;9,99;2017-12-20;8!
1578;9,71;9,8;9,68;9,8;2017-12-21;8!
1579;9,85;9,95;9,75;9,75;2017-12-22;8!
1580;9,82;9,87;9,77;9,87;2017-12-27;8!
1581;9,8;9,85;9,76;9,76;2017-12-28;8!
1582;9,85;9,98;9,85;9,85;2017-12-29;8!
1583;9,84;10;9,84;10;2018-01-02;8!
1584;10;10;9,96;9,96;2018-01-03;8!
1585;9,94;10,25;9,94;10;2018-01-04;8!
1586;9,98;10,3;9,92;10,25;2018-01-05;8!
1587;10,3;10,35;10,1;10,35;2018-01-08;8!
1588;9,98;10,5;9,98;10,5;2018-01-09;8!
1589;10,15;10,45;10;10,4;2018-01-10;8!
1590;10,25;10,4;10,2;10,35;2018-01-11;8!
1591;10,25;10,3;10,25;10,25;2018-01-12;8!
1592;10,3;10,35;10,05;10,2;2018-01-15;8!
1593;10,1;10,3;10,1;10,3;2018-01-16;8!
1594;10,05;10,1;10,05;10,1;2018-01-17;8!
1595;10,05;10,1;10,05;10,1;2018-01-18;8!
1596;10,05;10,05;10,05;10,05;2018-01-19;8!
1597;10,1;10,25;10,1;10,15;2018-01-22;8!
1598;10,05;10,1;10,05;10,1;2018-01-23;8!
1599;10,05;10,2;10,05;10,2;2018-01-24;8!
1600;10,05;10,1;10,05;10,1;2018-01-25;8!
1601;82,41;82,79;81,79;82,5;2017-04-13;9!
1602;81,02;82,4;81,01;81,86;2017-04-18;9!
1603;80,36;82,13;80,3;80,5;2017-04-19;9!
1604;82,41;82,51;80,29;80,29;2017-04-20;9!
1605;81,5;82,95;81,5;82,95;2017-04-21;9!
1606;83,5;83,9;81,85;82,95;2017-04-24;9!
1607;83,15;83,5;82,35;83,5;2017-04-25;9!
1608;83,3;83,42;82,6;83;2017-04-26;9!
1609;83,5;83,5;83;83,05;2017-04-27;9!
1610;83,62;83,89;83,25;83,5;2017-04-28;9!
1611;84;84;83;83;2017-05-02;9!
1612;84,2;84,2;83,6;84;2017-05-03;9!
1613;83,9;84,3;83,6;84,19;2017-05-04;9!
1614;85,3;85,3;83,65;83,65;2017-05-05;9!
1615;88,26;88,5;85,55;85,55;2017-05-08;9!
1616;88,29;88,4;87,29;87,6;2017-05-09;9!
1617;87,62;88,39;87,15;88,39;2017-05-10;9!
1618;87,36;87,87;87,17;87,51;2017-05-11;9!
1619;88;88,31;86,79;87,37;2017-05-12;9!
1620;85,41;88,44;85,39;87,8;2017-05-15;9!
1621;86,06;86,5;85,07;85,07;2017-05-16;9!
1622;86,12;86,44;85,64;86,2;2017-05-17;9!
1623;86,05;86,5;85,3;85,99;2017-05-18;9!
1624;85,03;87,01;84,65;86,29;2017-05-19;9!
1625;84,8;85,25;84,19;84,19;2017-05-22;9!
1626;85,55;86;84,54;84,8;2017-05-23;9!
1627;86,74;86,95;85;85,56;2017-05-24;9!
1628;88,5;88,5;86,74;86,74;2017-05-25;9!
1629;88,39;88,75;88;88,49;2017-05-26;9!
1630;87,5;88,25;87,5;87,85;2017-05-29;9!
1631;87,66;88;87,5;87,5;2017-05-30;9!
1632;86,81;87,92;86,68;87,91;2017-05-31;9!
1633;86,79;87,5;86,56;86,56;2017-06-01;9!
1634;86,06;87;85,49;87;2017-06-02;9!
1635;87,01;87,01;85,91;86,25;2017-06-05;9!
1636;84;87,15;83,5;87,15;2017-06-06;9!
1637;84,25;84,75;83,2;84,01;2017-06-07;9!
1638;85,39;85,4;83,82;84,5;2017-06-08;9!
1639;85,88;86,5;84,86;85,4;2017-06-09;9!
1640;86,28;86,3;85,08;85,64;2017-06-12;9!
1641;85,51;86,1;85,51;86,1;2017-06-13;9!
1642;83,96;85,52;83,96;85,52;2017-06-14;9!
1643;84,3;84,49;83;83,71;2017-06-15;9!
1644;85,27;85,61;84,05;84,55;2017-06-16;9!
1645;88,45;88,75;85,52;85,52;2017-06-19;9!
1646;89,5;89,5;88,7;88,7;2017-06-20;9!
1647;89,5;89,53;88,68;89,49;2017-06-21;9!
1648;89,22;90,2;88,25;89,14;2017-06-22;9!
1649;89;89,47;88,56;89,21;2017-06-23;9!
1650;89,28;89,55;88,8;88,88;2017-06-26;9!
1651;91,15;91,15;88,67;89,48;2017-06-27;9!
1652;92,55;92,55;90,23;90,44;2017-06-28;9!
1653;92;92,71;91,02;92,5;2017-06-29;9!
1654;92,4;92,6;91,25;91,44;2017-06-30;9!
1655;88,94;92,65;88,94;92,65;2017-07-03;9!
1656;87,8;89;87,55;89;2017-07-04;9!
1657;87,25;88,05;86,72;88,05;2017-07-05;9!
1658;86,65;87,49;84,9;87;2017-07-06;9!
1659;88,17;88,5;86,1;86,65;2017-07-07;9!
1660;89,56;89,56;87,22;88,35;2017-07-10;9!
1661;88,5;89,78;88,4;89,78;2017-07-11;9!
1662;89,98;89,98;88,25;88,82;2017-07-12;9!
1663;89,73;89,73;88,58;89,73;2017-07-13;9!
1664;91,5;91,95;89,18;89,73;2017-07-14;9!
1665;90,96;91,74;90,68;91,09;2017-07-17;9!
1666;91,66;91,87;91;91,48;2017-07-18;9!
1667;90,44;91,88;90,26;91,43;2017-07-19;9!
1668;88;90,49;87,7;90,26;2017-07-20;9!
1669;89;89;87,5;87,8;2017-07-21;9!
1670;87,68;88,99;87,68;88,99;2017-07-24;9!
1671;88,3;88,86;87,81;87,93;2017-07-25;9!
1672;87,5;88,3;87,5;88,3;2017-07-26;9!
1673;87,99;88,45;87,25;87,68;2017-07-27;9!
1674;87,74;88,27;87,74;87,74;2017-07-28;9!
1675;85,79;88,29;85,79;87,99;2017-07-31;9!
1676;88,5;89;85,22;85,22;2017-08-01;9!
1677;87,7;88,74;87,59;88,25;2017-08-02;9!
1678;87,18;87,95;86,75;87,79;2017-08-03;9!
1679;86,23;87,43;86,23;87,05;2017-08-04;9!
1680;85,94;86,92;85,55;86,47;2017-08-07;9!
1681;86,18;86,49;85,92;85,94;2017-08-08;9!
1682;86,09;86,43;85,74;86,01;2017-08-09;9!
1683;85,95;86,34;85,54;86,28;2017-08-10;9!
1684;85,6;86,06;84,6;85,76;2017-08-11;9!
1685;85,54;85,54;85,35;85,5;2017-08-14;9!
1686;85,6;86,3;85,52;85,52;2017-08-15;9!
1687;85,65;86,14;85,44;85,71;2017-08-16;9!
1688;86,09;86,15;85,54;85,54;2017-08-17;9!
1689;85;86,15;84,69;86;2017-08-18;9!
1690;85,1;85,25;84,5;85;2017-08-21;9!
1691;84,6;85,1;84,24;85,1;2017-08-22;9!
1692;84,5;85;84,24;85;2017-08-23;9!
1693;84,38;84,75;84;84,51;2017-08-24;9!
1694;84,49;84,63;84;84,15;2017-08-25;9!
1695;84;84,74;84;84,25;2017-08-28;9!
1696;85;85;83,45;84,11;2017-08-29;9!
1697;84,45;85,25;84,05;85,25;2017-08-30;9!
1698;84;84,7;84;84,67;2017-08-31;9!
1699;84,5;84,95;83,81;84;2017-09-01;9!
1700;84,21;84,57;84,21;84,5;2017-09-04;9!
1701;85,16;85,16;84,25;84,46;2017-09-05;9!
1702;84,86;85,11;84,61;85;2017-09-06;9!
1703;84,75;85;84,5;84,7;2017-09-07;9!
1704;84,8;84,9;84,5;84,9;2017-09-08;9!
1705;84,77;85,05;84,69;85,02;2017-09-11;9!
1706;84,7;85;84,52;84,75;2017-09-12;9!
1707;85;85,3;84,2;84,54;2017-09-13;9!
1708;85;85,48;84,21;84,99;2017-09-14;9!
1709;85,95;85,95;84,76;84,87;2017-09-15;9!
1710;86,3;86,5;85,7;86,5;2017-09-18;9!
1711;85,86;86,85;85,5;86,55;2017-09-19;9!
1712;85,95;86,11;85,63;85,63;2017-09-20;9!
1713;87,8;87,8;85,7;86,1;2017-09-21;9!
1714;92;92,2;89,49;90;2017-09-22;9!
1715;91,5;92;90,28;92;2017-09-25;9!
1716;91,25;91,4;90,25;91,27;2017-09-26;9!
1717;92,6;92,6;91;91,05;2017-09-27;9!
1718;93;93,13;91,65;91,66;2017-09-28;9!
1719;95,8;95,85;92,75;92,75;2017-09-29;9!
1720;93,1;95,7;93,04;95,7;2017-10-02;9!
1721;94;94,85;93,45;93,6;2017-10-03;9!
1722;95,26;95,26;93,75;94,25;2017-10-04;9!
1723;96,2;96,2;94,3;94,6;2017-10-05;9!
1724;96,7;96,7;95,77;96,2;2017-10-06;9!
1725;96,7;96,7;94,85;96,7;2017-10-09;9!
1726;95,87;96,5;94,23;96,5;2017-10-10;9!
1727;95,2;95,5;94,4;94,81;2017-10-11;9!
1728;96;97,31;95,45;95,45;2017-10-12;9!
1729;95,95;97,2;95,45;96,5;2017-10-13;9!
1730;94,98;96,2;94,5;96,2;2017-10-16;9!
1731;96,2;96,2;94,3;94,99;2017-10-17;9!
1732;97,35;97,35;95,99;96,2;2017-10-18;9!
1733;95,22;97,3;94,9;97,3;2017-10-19;9!
1734;99,27;99,9;95,45;95,45;2017-10-20;9!
1735;97,18;99;96,3;99;2017-10-23;9!
1736;97,5;97,5;96,52;97;2017-10-24;9!
1737;97,2;97,5;96,3;97,5;2017-10-25;9!
1738;96,7;97,2;96,02;97;2017-10-26;9!
1739;96,8;97;96,45;96,69;2017-10-27;9!
1740;97,01;97,35;96,25;97;2017-10-30;9!
1741;97,5;97,5;96,77;97,1;2017-10-31;9!
1742;97,01;97,5;97;97,5;2017-11-01;9!
1743;97,3;97,91;97;97;2017-11-02;9!
1744;98,5;98,5;97,16;97,55;2017-11-03;9!
1745;99;99;98;98,5;2017-11-06;9!
1746;99;99;97,6;99;2017-11-07;9!
1747;98,72;98,96;98,34;98,73;2017-11-08;9!
1748;95,47;98,91;95,3;98,72;2017-11-09;9!
1749;94,45;96;94,41;95,5;2017-11-10;9!
1750;91;94,85;89,5;94,6;2017-11-13;9!
1751;92,9;93;91,02;91,02;2017-11-14;9!
1752;86,26;92,2;83,66;92,2;2017-11-15;9!
1753;88,99;88,99;86,33;86,81;2017-11-16;9!
1754;87;88,99;86,3;88,99;2017-11-17;9!
1755;87,11;88,45;86,86;87;2017-11-20;9!
1756;88,5;89,41;87,06;87,36;2017-11-21;9!
1757;89;89,45;88,5;88,5;2017-11-22;9!
1758;86,61;88,99;86,6;88,99;2017-11-23;9!
1759;86,86;87;86,1;86,86;2017-11-24;9!
1760;86,57;87,41;86,57;86,61;2017-11-27;9!
1761;87,94;87,94;86,5;86,95;2017-11-28;9!
1762;88,9;89,2;88,01;88,16;2017-11-29;9!
1763;89,22;89,4;88,7;88,9;2017-11-30;9!
1764;87,88;89;87,46;89;2017-12-01;9!
1765;88;88,4;87,59;88,4;2017-12-04;9!
1766;88,02;88,89;87,95;88;2017-12-05;9!
1767;87,75;88,38;87,75;88;2017-12-06;9!
1768;88,55;89;88,05;88,67;2017-12-07;9!
1769;88,6;89,34;88,55;88,73;2017-12-08;9!
1770;88,79;88,89;88,5;88,5;2017-12-11;9!
1771;89;89,04;88,54;89,03;2017-12-12;9!
1772;89;89;88;88,75;2017-12-13;9!
1773;87,81;89;87,76;88,8;2017-12-14;9!
1774;88,07;89;87,4;87,81;2017-12-15;9!
1775;88,55;88,9;88;88,27;2017-12-18;9!
1776;88,46;88,65;87,76;88,49;2017-12-19;9!
1777;87,95;88,65;87,76;88,65;2017-12-20;9!
1778;87,18;87,79;87;87,73;2017-12-21;9!
1779;88,45;88,45;86,99;87;2017-12-22;9!
1780;88,15;88,45;88,01;88,11;2017-12-27;9!
1781;89,39;89,39;88,15;88,4;2017-12-28;9!
1782;88,57;89,2;88,2;89,17;2017-12-29;9!
1783;88;89;88;89;2018-01-02;9!
1784;87,6;88,2;87,3;88;2018-01-03;9!
1785;87,2;89;87,1;88;2018-01-04;9!
1786;87,1;88,2;86,8;87,3;2018-01-05;9!
1787;87,5;88,5;87,1;87,1;2018-01-08;9!
1788;91,3;91,3;87,7;87,7;2018-01-09;9!
1789;91;91,2;90,8;91;2018-01-10;9!
1790;92,8;93,6;91,2;91,2;2018-01-11;9!
1791;94;94,7;92,2;92,8;2018-01-12;9!
1792;93,9;94,3;93,4;93,6;2018-01-15;9!
1793;92,2;94,1;92,2;93,9;2018-01-16;9!
1794;92;92,2;91,4;92;2018-01-17;9!
1795;92;92,5;91;92,3;2018-01-18;9!
1796;91,7;92,9;91,6;91,8;2018-01-19;9!
1797;92,1;92,3;91,4;91,5;2018-01-22;9!
1798;93,5;93,5;92;92,3;2018-01-23;9!
1799;92,4;94,5;92,4;93,5;2018-01-24;9!
1800;90,4;92,7;89;92,4;2018-01-25;9!